date;disel_type1_price;disel_type2_price;disel_type3_price
2016-01-01;3.6792;3.6152;2.5904
2016-01-02;3.6792;3.6152;2.5904
2016-01-03;3.6792;3.6152;2.5904
2016-01-04;3.6792;3.6152;2.5904
2016-01-05;3.6736;3.6096;2.5896
2016-01-06;3.684;3.62;2.6024
2016-01-07;3.684;3.62;2.6024
2016-01-08;3.6776;3.6136;2.6176
2016-01-09;3.6552;3.5912;2.6032
2016-01-10;3.6552;3.5912;2.6032
2016-01-11;3.6552;3.5912;2.6032
2016-01-12;3.6064;3.5424;2.5912
2016-01-13;3.5912;3.5272;2.5704
2016-01-14;3.5776;3.5136;2.5512
2016-01-15;3.5656;3.5016;2.5296
2016-01-16;3.5672;3.5032;2.5184
2016-01-17;3.5672;3.5032;2.5184
2016-01-18;3.5672;3.5032;2.5184
2016-01-19;3.5608;3.4968;2.5104
2016-01-20;3.5528;3.4888;2.5024
2016-01-21;3.4936;3.4296;2.484
2016-01-22;3.5152;3.4512;2.4744
2016-01-23;3.5672;3.5032;2.528
2016-01-24;3.5672;3.5032;2.528
2016-01-25;3.5672;3.5032;2.528
2016-01-26;3.5904;3.5264;2.5232
2016-01-27;3.592;3.528;2.536
2016-01-28;3.608;3.544;2.5568
2016-01-29;3.6336;3.5696;2.6032
2016-01-30;3.6392;3.5752;2.6024
2016-01-31;3.6392;3.5752;2.6024
2016-02-01;3.6392;3.5752;2.6024
2016-02-02;3.644;3.58;2.596
2016-02-03;3.6296;3.5656;2.5856
2016-02-04;3.628;3.564;2.584
2016-02-05;3.6336;3.5696;2.5864
2016-02-06;3.6408;3.5768;2.576
2016-02-07;3.6408;3.5768;2.576
2016-02-08;3.6408;3.5768;2.576
2016-02-09;3.6352;3.5712;2.5736
2016-02-10;3.6144;3.5504;2.564
2016-02-11;3.5856;3.5216;2.5456
2016-02-12;3.5504;3.4864;2.5
2016-02-13;3.5704;3.5064;2.508
2016-02-14;3.5704;3.5064;2.508
2016-02-15;3.5704;3.5064;2.508
2016-02-16;3.5832;3.5192;2.532
2016-02-17;3.5896;3.5256;2.552
2016-02-18;3.612;3.548;2.564
2016-02-19;3.6336;3.5696;2.5736
2016-02-20;3.6256;3.5616;2.576
2016-02-21;3.6256;3.5616;2.576
2016-02-22;3.6256;3.5616;2.576
2016-02-23;3.6352;3.5712;2.572
2016-02-24;3.6152;3.5512;2.5576
2016-02-25;3.6184;3.5544;2.556
2016-02-26;3.624;3.56;2.5504
2016-02-27;3.6352;3.5712;2.5696
2016-02-28;3.6352;3.5712;2.5696
2016-02-29;3.6352;3.5712;2.5696
2016-03-01;3.644;3.58;2.5912
2016-03-02;3.6568;3.5928;2.608
2016-03-03;3.672;3.608;2.6192
2016-03-04;3.684;3.62;2.6248
2016-03-05;3.692;3.628;2.6344
2016-03-06;3.692;3.628;2.6344
2016-03-07;3.692;3.628;2.6344
2016-03-08;3.708;3.644;2.6528
2016-03-09;3.724;3.66;2.6744
2016-03-10;3.7376;3.6736;2.696
2016-03-11;3.7584;3.6944;2.6824
2016-03-12;3.7584;3.6944;2.6904
2016-03-13;3.7584;3.6944;2.6904
2016-03-14;3.7584;3.6944;2.6904
2016-03-15;3.7416;3.6776;2.68
2016-03-16;3.728;3.664;2.6672
2016-03-17;3.7264;3.6624;2.66
2016-03-18;3.7416;3.6776;2.6592
2016-03-19;3.7568;3.6928;2.6584
2016-03-20;3.7568;3.6928;2.6584
2016-03-21;3.7568;3.6928;2.6584
2016-03-22;3.7536;3.6896;2.6648
2016-03-23;3.7536;3.6896;2.6744
2016-03-24;3.7448;3.6808;2.672
2016-03-25;3.7376;3.6736;2.664
2016-03-26;3.7376;3.6736;2.664
2016-03-27;3.7376;3.6736;2.664
2016-03-28;3.7376;3.6736;2.664
2016-03-29;3.7376;3.6736;2.664
2016-03-30;3.712;3.648;2.648
2016-03-31;3.7008;3.6368;2.636
2016-04-01;3.6976;3.6336;2.624
2016-04-02;3.6864;3.6224;2.6048
2016-04-03;3.6864;3.6224;2.6048
2016-04-04;3.6864;3.6224;2.6048
2016-04-05;3.6664;3.6024;2.5872
2016-04-06;3.6328;3.5688;2.5712
2016-04-07;3.6312;3.5672;2.5616
2016-04-08;3.6304;3.5664;2.5448
2016-04-09;3.6656;3.6016;2.5576
2016-04-10;3.6656;3.6016;2.5576
2016-04-11;3.6656;3.6016;2.5576
2016-04-12;3.68;3.616;2.5744
2016-04-13;3.656;3.592;2.6056
2016-04-14;3.7008;3.6368;2.6304
2016-04-15;3.7288;3.6648;2.6632
2016-04-16;3.7296;3.6656;2.6736
2016-04-17;3.7296;3.6656;2.6736
2016-04-18;3.7296;3.6656;2.6736
2016-04-19;3.7288;3.6648;2.6848
2016-04-20;3.7272;3.6632;2.704
2016-04-21;3.74;3.676;2.712
2016-04-22;3.7568;3.6928;2.72
2016-04-23;3.7744;3.7104;2.7376
2016-04-24;3.7744;3.7104;2.7376
2016-04-25;3.7744;3.7104;2.7376
2016-04-26;3.7896;3.7256;2.7552
2016-04-27;3.8128;3.7488;2.7712
2016-04-28;3.8224;3.7584;2.7848
2016-04-29;3.8488;3.7848;2.8016
2016-04-30;3.8648;3.8008;2.8128
2016-05-01;3.8648;3.8008;2.8128
2016-05-02;3.8648;3.8008;2.8128
2016-05-03;3.8648;3.8008;2.8128
2016-05-04;3.8648;3.8008;2.8128
2016-05-05;3.8256;3.7616;2.808
2016-05-06;3.836;3.772;2.8048
2016-05-07;3.84;3.776;2.784
2016-05-08;3.84;3.776;2.784
2016-05-09;3.84;3.776;2.784
2016-05-10;3.8064;3.7424;2.7688
2016-05-11;3.824;3.76;2.7728
2016-05-12;3.8464;3.7824;2.788
2016-05-13;3.872;3.808;2.7976
2016-05-14;3.892;3.828;2.8088
2016-05-15;3.892;3.828;2.8088
2016-05-16;3.892;3.828;2.8088
2016-05-17;3.9064;3.8424;2.8344
2016-05-18;3.9256;3.8616;2.8536
2016-05-19;3.9464;3.8824;2.8712
2016-05-20;3.948;3.884;2.884
2016-05-21;3.9576;3.8936;2.9008
2016-05-22;3.9576;3.8936;2.9008
2016-05-23;3.9576;3.8936;2.9008
2016-05-24;3.9568;3.8928;2.9144
2016-05-25;3.98;3.916;2.9312
2016-05-26;3.9928;3.9288;2.9376
2016-05-27;3.9928;3.9288;2.9376
2016-05-28;4.0008;3.9368;2.9536
2016-05-29;4.0008;3.9368;2.9536
2016-05-30;4.0008;3.9368;2.9536
2016-05-31;4.0008;3.9368;2.9536
2016-06-01;3.9984;3.9344;2.9576
2016-06-02;3.9944;3.9304;2.9496
2016-06-03;3.9936;3.9296;2.9456
2016-06-04;3.9864;3.9224;2.9432
2016-06-05;3.9864;3.9224;2.9432
2016-06-06;3.9864;3.9224;2.9432
2016-06-07;3.9784;3.9144;2.9368
2016-06-08;3.9736;3.9096;2.9312
2016-06-09;3.9768;3.9128;2.9328
2016-06-10;3.9824;3.9184;2.9296
2016-06-11;3.9816;3.9176;2.9264
2016-06-12;3.9816;3.9176;2.9264
2016-06-13;3.9816;3.9176;2.9264
2016-06-14;3.9792;3.9152;2.9304
2016-06-15;3.9784;3.9144;2.932
2016-06-16;3.976;3.912;2.9272
2016-06-17;3.956;3.892;2.9176
2016-06-18;3.9472;3.8832;2.9152
2016-06-19;3.9472;3.8832;2.9152
2016-06-20;3.9472;3.8832;2.9152
2016-06-21;3.9488;3.8848;2.9136
2016-06-22;3.9608;3.8968;2.9104
2016-06-23;3.968;3.904;2.9088
2016-06-24;3.9656;3.9016;2.9152
2016-06-25;3.9696;3.9056;2.92
2016-06-26;3.9696;3.9056;2.92
2016-06-27;3.9696;3.9056;2.92
2016-06-28;3.9624;3.8984;2.9136
2016-06-29;3.9592;3.8952;2.912
2016-06-30;3.9712;3.9072;2.92
2016-07-01;3.984;3.92;2.924
2016-07-02;3.9832;3.9192;2.9184
2016-07-03;3.9832;3.9192;2.9184
2016-07-04;3.9832;3.9192;2.9184
2016-07-05;3.9696;3.9056;2.9232
2016-07-06;3.9504;3.8864;2.9176
2016-07-07;3.9416;3.8776;2.9032
2016-07-08;3.9296;3.8656;2.8912
2016-07-09;3.9232;3.8592;2.88
2016-07-10;3.9232;3.8592;2.88
2016-07-11;3.9232;3.8592;2.88
2016-07-12;3.9168;3.8528;2.8656
2016-07-13;3.9128;3.8488;2.8656
2016-07-14;3.8976;3.8336;2.8512
2016-07-15;3.888;3.824;2.8416
2016-07-16;3.8768;3.8128;2.84
2016-07-17;3.8768;3.8128;2.84
2016-07-18;3.8768;3.8128;2.84
2016-07-19;3.8784;3.8144;2.8352
2016-07-20;3.88;3.816;2.8264
2016-07-21;3.8872;3.8232;2.8336
2016-07-22;3.8944;3.8304;2.8344
2016-07-23;3.8848;3.8208;2.8264
2016-07-24;3.8848;3.8208;2.8264
2016-07-25;3.8848;3.8208;2.8264
2016-07-26;3.8632;3.7992;2.8192
2016-07-27;3.844;3.78;2.8104
2016-07-28;3.836;3.772;2.7952
2016-07-29;3.8216;3.7576;2.7752
2016-07-30;3.8064;3.7424;2.7608
2016-07-31;3.8064;3.7424;2.7608
2016-08-01;3.8064;3.7424;2.7608
2016-08-02;3.7808;3.7168;2.74
2016-08-03;3.7648;3.7008;2.72
2016-08-04;3.7552;3.6912;2.704
2016-08-05;3.7624;3.6984;2.6976
2016-08-06;3.7736;3.7096;2.6952
2016-08-07;3.7736;3.7096;2.6952
2016-08-08;3.7736;3.7096;2.6952
2016-08-09;3.7928;3.7288;2.7408
2016-08-10;3.8096;3.7456;2.7624
2016-08-11;3.8144;3.7504;2.7544
2016-08-12;3.8224;3.7584;2.7856
2016-08-13;3.8344;3.7704;2.8024
2016-08-14;3.8344;3.7704;2.8024
2016-08-15;3.8344;3.7704;2.8024
2016-08-16;3.8344;3.7704;2.8024
2016-08-17;3.8816;3.8176;2.8432
2016-08-18;3.8976;3.8336;2.856
2016-08-19;3.912;3.848;2.8824
2016-08-20;3.9232;3.8592;2.8832
2016-08-21;3.9232;3.8592;2.8832
2016-08-22;3.9232;3.8592;2.8832
2016-08-23;3.9296;3.8656;2.88
2016-08-24;3.94;3.876;2.8848
2016-08-25;3.9304;3.8664;2.8784
2016-08-26;3.944;3.88;2.88
2016-08-27;3.9664;3.9024;2.888
2016-08-28;3.9664;3.9024;2.888
2016-08-29;3.9664;3.9024;2.888
2016-08-30;3.9664;3.9024;2.888
2016-08-31;3.9776;3.9136;2.8856
2016-09-01;3.9688;3.9048;2.8768
2016-09-02;3.9752;3.9112;2.8808
2016-09-03;3.9704;3.9064;2.8744
2016-09-04;3.9704;3.9064;2.8744
2016-09-05;3.9704;3.9064;2.8744
2016-09-06;3.9648;3.9008;2.8664
2016-09-07;3.96;3.896;2.8584
2016-09-08;3.9568;3.8928;2.8568
2016-09-09;3.9824;3.9184;2.8888
2016-09-10;3.9728;3.9088;2.8824
2016-09-11;3.9728;3.9088;2.8824
2016-09-12;3.9728;3.9088;2.8824
2016-09-13;3.9752;3.9112;2.8832
2016-09-14;3.968;3.904;2.8768
2016-09-15;3.96;3.896;2.8696
2016-09-16;3.952;3.888;2.8616
2016-09-17;3.9456;3.8816;2.8544
2016-09-18;3.9456;3.8816;2.8544
2016-09-19;3.9456;3.8816;2.8544
2016-09-20;3.9576;3.8936;2.8616
2016-09-21;3.948;3.884;2.8512
2016-09-22;3.94;3.876;2.8608
2016-09-23;3.9504;3.8864;2.8672
2016-09-24;3.9512;3.8872;2.868
2016-09-25;3.9512;3.8872;2.868
2016-09-26;3.9512;3.8872;2.868
2016-09-27;3.9504;3.8864;2.8696
2016-09-28;3.9184;3.8544;2.8584
2016-09-29;3.916;3.852;2.8552
2016-09-30;3.9768;3.9128;2.9192
2016-10-01;3.9872;3.9232;2.9296
2016-10-02;3.9872;3.9232;2.9296
2016-10-03;3.9872;3.9232;2.9296
2016-10-04;3.9872;3.9232;2.9256
2016-10-05;4.0152;3.9512;2.9504
2016-10-06;4.0312;3.9672;2.9648
2016-10-07;4.0392;3.9752;2.9776
2016-10-08;4.0384;3.9744;2.9768
2016-10-09;4.0384;3.9744;2.9768
2016-10-10;4.0384;3.9744;2.9768
2016-10-11;4.0552;3.9912;2.9928
2016-10-12;4.0528;3.9888;2.988
2016-10-13;4.052;3.988;2.9848
2016-10-14;4.0592;3.9952;2.9944
2016-10-15;4.0528;3.9888;2.9856
2016-10-16;4.0528;3.9888;2.9856
2016-10-17;4.0528;3.9888;2.9856
2016-10-18;4.06;3.996;2.9848
2016-10-19;4.0584;3.9944;2.9848
2016-10-20;4.0952;4.0312;3.0232
2016-10-21;4.0808;4.0168;3.0088
2016-10-22;4.0816;4.0176;3.02
2016-10-23;4.0816;4.0176;3.02
2016-10-24;4.0816;4.0176;3.02
2016-10-25;4.0744;4.0104;3.0184
2016-10-26;4.0704;4.0064;3.0144
2016-10-27;4.0648;4.0008;3.0104
2016-10-28;4.068;4.004;3.016
2016-10-29;4.0672;4.0032;3.0112
2016-10-30;4.0672;4.0032;3.0112
2016-10-31;4.0672;4.0032;3.0112
2016-11-01;4.0488;3.9848;2.9936
2016-11-02;4.0488;3.9848;2.9936
2016-11-03;3.9744;3.9104;2.9536
2016-11-04;3.948;3.884;2.924
2016-11-05;3.9304;3.8664;2.8936
2016-11-06;3.9304;3.8664;2.8936
2016-11-07;3.9304;3.8664;2.8936
2016-11-08;3.9272;3.8632;2.8784
2016-11-09;3.9304;3.8664;2.8744
2016-11-10;3.9328;3.8688;2.8768
2016-11-11;3.9416;3.8776;2.896
2016-11-12;3.9416;3.8776;2.896
2016-11-13;3.9416;3.8776;2.896
2016-11-14;3.9416;3.8776;2.896
2016-11-15;3.9352;3.8712;2.8848
2016-11-16;3.9504;3.8864;2.9232
2016-11-17;3.9704;3.9064;2.9528
2016-11-18;3.996;3.932;2.9576
2016-11-19;4.0152;3.9512;2.9808
2016-11-20;4.0152;3.9512;2.9808
2016-11-21;4.0152;3.9512;2.9808
2016-11-22;4.0416;3.9776;3.036
2016-11-23;4.0624;3.9984;3.0296
2016-11-24;4.0752;4.0112;3.0288
2016-11-25;4.0808;4.0168;3.036
2016-11-26;4.072;4.008;3.0232
2016-11-27;4.072;4.008;3.0232
2016-11-28;4.072;4.008;3.0232
2016-11-29;4.0696;4.0056;3.0192
2016-11-30;4.0536;3.9896;3.0104
2016-12-01;4.0656;4.0016;3.0384
2016-12-02;4.1;4.036;3.1168
2016-12-03;4.1488;4.0848;3.1352
2016-12-04;4.1488;4.0848;3.1352
2016-12-05;4.1488;4.0848;3.1352
2016-12-06;4.184;4.12;3.1456
2016-12-07;4.1792;4.1152;3.1304
2016-12-08;4.1664;4.1024;3.1192
2016-12-09;4.1448;4.0808;3.108
2016-12-10;4.1512;4.0872;3.1088
2016-12-11;4.1512;4.0872;3.1088
2016-12-12;4.1512;4.0872;3.1088
2016-12-13;4.1752;4.1112;3.1696
2016-12-14;4.2048;4.1408;3.156
2016-12-15;4.2048;4.1408;3.152
2016-12-16;4.2016;4.1376;3.1456
2016-12-17;4.2096;4.1456;3.1712
2016-12-18;4.2096;4.1456;3.1712
2016-12-19;4.2096;4.1456;3.1712
2016-12-20;4.2112;4.1472;3.1664
2016-12-21;4.2288;4.1648;3.1848
2016-12-22;4.2264;4.1624;3.1776
2016-12-23;4.2232;4.1592;3.1736
2016-12-24;4.212;4.148;3.168
2016-12-25;4.212;4.148;3.168
2016-12-26;4.212;4.148;3.168
2016-12-27;4.212;4.148;3.168
2016-12-28;4.212;4.148;3.168
2016-12-29;4.2264;4.1624;3.2072
2016-12-30;4.2384;4.1744;3.2088
2016-12-31;4.244;4.18;3.2024
2017-01-01;4.2224;4.1584;3.1824
2017-01-02;4.2224;4.1584;3.1824
2017-01-03;4.2224;4.1584;3.1824
2017-01-04;4.2184;4.1544;3.1792
2017-01-05;4.2104;4.1464;3.1736
2017-01-06;4.196;4.132;3.1624
2017-01-07;4.196;4.132;3.1624
2017-01-08;4.196;4.132;3.1624
2017-01-09;4.196;4.132;3.1624
2017-01-10;4.2216;4.1176;3.1472
2017-01-11;4.2016;4.0976;3.128
2017-01-12;4.2344;4.0904;3.1192
2017-01-13;4.2352;4.0912;3.12
2017-01-14;4.228;4.084;3.1144
2017-01-15;4.228;4.084;3.1144
2017-01-16;4.228;4.084;3.1144
2017-01-17;4.2272;4.0832;3.1232
2017-01-18;4.2264;4.0824;3.1216
2017-01-19;4.22;4.076;3.1152
2017-01-20;4.2112;4.0672;3.1088
2017-01-21;4.216;4.072;3.1192
2017-01-22;4.216;4.072;3.1192
2017-01-23;4.216;4.072;3.1192
2017-01-24;4.2152;4.0712;3.1104
2017-01-25;4.22;4.076;3.1112
2017-01-26;4.2192;4.0752;3.1088
2017-01-27;4.2256;4.0816;3.1232
2017-01-28;4.22;4.076;3.1096
2017-01-29;4.22;4.076;3.1096
2017-01-30;4.22;4.076;3.1096
2017-01-31;4.2152;4.0712;3.1056
2017-02-01;4.2184;4.0744;3.116
2017-02-02;4.2192;4.0752;3.1152
2017-02-03;4.2208;4.0768;3.1128
2017-02-04;4.2192;4.0752;3.112
2017-02-05;4.2192;4.0752;3.112
2017-02-06;4.2192;4.0752;3.112
2017-02-07;4.2176;4.0736;3.1096
2017-02-08;4.2096;4.0656;3.1048
2017-02-09;4.212;4.068;3.1136
2017-02-10;4.2128;4.0688;3.1104
2017-02-11;4.2232;4.0792;3.1384
2017-02-12;4.2232;4.0792;3.1384
2017-02-13;4.2232;4.0792;3.1384
2017-02-14;4.2184;4.0744;3.1216
2017-02-15;4.2208;4.0768;3.1248
2017-02-16;4.224;4.08;3.1256
2017-02-17;4.2208;4.0768;3.1208
2017-02-18;4.2176;4.0736;3.1184
2017-02-19;4.2176;4.0736;3.1184
2017-02-20;4.2176;4.0736;3.1184
2017-02-21;4.2232;4.0792;3.1328
2017-02-22;4.232;4.088;3.1544
2017-02-23;4.2296;4.0856;3.1368
2017-02-24;4.2376;4.0936;3.1464
2017-02-25;4.2344;4.0904;3.136
2017-02-26;4.2344;4.0904;3.136
2017-02-27;4.2344;4.0904;3.136
2017-02-28;4.2344;4.0904;3.136
2017-03-01;4.2272;4.0832;3.1304
2017-03-02;4.232;4.088;3.1352
2017-03-03;4.2256;4.0816;3.1216
2017-03-04;4.2216;4.0776;3.1176
2017-03-05;4.2216;4.0776;3.1176
2017-03-06;4.2216;4.0776;3.1176
2017-03-07;4.216;4.072;3.1104
2017-03-08;4.216;4.072;3.1096
2017-03-09;4.212;4.068;3.1024
2017-03-10;4.1888;4.0448;3.0888
2017-03-11;4.1608;4.0168;3.0728
2017-03-12;4.1608;4.0168;3.0728
2017-03-13;4.1608;4.0168;3.0728
2017-03-14;4.1336;3.9896;3.0552
2017-03-15;4.1176;3.9736;3.0312
2017-03-16;4.1152;3.9712;3.0144
2017-03-17;4.1096;3.9656;3.0072
2017-03-18;4.1032;3.9592;3.0008
2017-03-19;4.1032;3.9592;3.0008
2017-03-20;4.1032;3.9592;3.0008
2017-03-21;4.1016;3.9576;2.9976
2017-03-22;4.092;3.948;2.9912
2017-03-23;4.0824;3.9384;2.9808
2017-03-24;4.0784;3.9344;2.9728
2017-03-25;4.0712;3.9272;2.9648
2017-03-26;4.0712;3.9272;2.9648
2017-03-27;4.0712;3.9272;2.9648
2017-03-28;4.0696;3.9256;2.956
2017-03-29;4.0728;3.9288;2.964
2017-03-30;4.0816;3.9376;2.9768
2017-03-31;4.0976;3.9536;2.9952
2017-04-01;4.108;3.964;2.9968
2017-04-02;4.108;3.964;2.9968
2017-04-03;4.108;3.964;2.9968
2017-04-04;4.1208;3.9768;3.0072
2017-04-05;4.1312;3.9872;3.0328
2017-04-06;4.144;4;3.0368
2017-04-07;4.1624;4.0184;3.0448
2017-04-08;4.1712;4.0272;3.052
2017-04-09;4.1712;4.0272;3.052
2017-04-10;4.1712;4.0272;3.052
2017-04-11;4.2056;4.0616;3.0792
2017-04-12;4.2032;4.0592;3.0792
2017-04-13;4.2128;4.0688;3.0912
2017-04-14;4.2104;4.0664;3.088
2017-04-15;4.2104;4.0664;3.088
2017-04-16;4.2104;4.0664;3.088
2017-04-17;4.2104;4.0664;3.088
2017-04-18;4.2104;4.0664;3.088
2017-04-19;4.2024;4.0584;3.08
2017-04-20;4.1944;4.0504;3.072
2017-04-21;4.1824;4.0384;3.0592
2017-04-22;4.1656;4.0216;3.0408
2017-04-23;4.1656;4.0216;3.0408
2017-04-24;4.1656;4.0216;3.0408
2017-04-25;4.1432;3.9992;3.0176
2017-04-26;4.1032;3.9592;2.9968
2017-04-27;4.0936;3.9496;2.9816
2017-04-28;4.08;3.936;2.9632
2017-04-29;4.0728;3.9288;2.948
2017-04-30;4.0728;3.9288;2.948
2017-05-01;4.0728;3.9288;2.948
2017-05-02;4.0728;3.9288;2.948
2017-05-03;4.0568;3.9128;2.936
2017-05-04;4.0568;3.9128;2.936
2017-05-05;4.0224;3.8784;2.9
2017-05-06;4.008;3.864;2.888
2017-05-07;4.008;3.864;2.888
2017-05-08;4.008;3.864;2.888
2017-05-09;4;3.856;2.8728
2017-05-10;4.004;3.86;2.876
2017-05-11;4.0144;3.8704;2.9024
2017-05-12;4.0344;3.8904;2.9152
2017-05-13;4.0488;3.9048;2.9184
2017-05-14;4.0488;3.9048;2.9184
2017-05-15;4.0488;3.9048;2.9184
2017-05-16;4.0576;3.9136;2.9304
2017-05-17;4.0544;3.9104;2.9216
2017-05-18;4.0552;3.9112;2.924
2017-05-19;4.0568;3.9128;2.9264
2017-05-20;4.064;3.92;2.9424
2017-05-21;4.064;3.92;2.9424
2017-05-22;4.064;3.92;2.9424
2017-05-23;4.068;3.924;2.948
2017-05-24;4.0688;3.9248;2.9448
2017-05-25;4.0736;3.9296;2.952
2017-05-26;4.0656;3.9216;2.9416
2017-05-27;4.0504;3.9064;2.932
2017-05-28;4.0504;3.9064;2.932
2017-05-29;4.0504;3.9064;2.932
2017-05-30;4.0504;3.9064;2.932
2017-05-31;4.0312;3.8872;2.9208
2017-06-01;4.0104;3.8664;2.9048
2017-06-02;4.0024;3.8584;2.8872
2017-06-03;3.9856;3.8416;2.8712
2017-06-04;3.9856;3.8416;2.8712
2017-06-05;3.9856;3.8416;2.8712
2017-06-06;3.9696;3.8256;2.8552
2017-06-07;3.952;3.808;2.8392
2017-06-08;3.9384;3.7944;2.8272
2017-06-09;3.9384;3.7944;2.8272
2017-06-10;3.9392;3.7952;2.8168
2017-06-11;3.9392;3.7952;2.8168
2017-06-12;3.9392;3.7952;2.8168
2017-06-13;3.9424;3.7984;2.8176
2017-06-14;3.9424;3.7984;2.8152
2017-06-15;3.9384;3.7944;2.8112
2017-06-16;3.9384;3.7944;2.8112
2017-06-17;3.9384;3.7944;2.8192
2017-06-18;3.9384;3.7944;2.8192
2017-06-19;3.9384;3.7944;2.8192
2017-06-20;3.9472;3.8032;2.8184
2017-06-21;3.9552;3.8112;2.8112
2017-06-22;3.9648;3.8208;2.8232
2017-06-23;3.9616;3.8176;2.8208
2017-06-24;3.9576;3.8136;2.8152
2017-06-25;3.9576;3.8136;2.8152
2017-06-26;3.9576;3.8136;2.8152
2017-06-27;3.9528;3.8088;2.808
2017-06-28;3.96;3.816;2.8216
2017-06-29;3.984;3.84;2.8336
2017-06-30;3.9992;3.8552;2.8472
2017-07-01;4.0048;3.8608;2.8464
2017-07-02;4.0048;3.8608;2.8464
2017-07-03;4.0048;3.8608;2.8464
2017-07-04;4.0312;3.8872;2.896
2017-07-05;4.0464;3.9024;2.9096
2017-07-06;4.0464;3.9024;2.8984
2017-07-07;4.0528;3.9088;2.8976
2017-07-08;4.032;3.888;2.8848
2017-07-09;4.032;3.888;2.8848
2017-07-10;4.032;3.888;2.8848
2017-07-11;4.0216;3.8776;2.876
2017-07-12;4.0192;3.8752;2.8648
2017-07-13;4.0208;3.8768;2.8584
2017-07-14;4.0288;3.8848;2.8728
2017-07-15;4.0376;3.8936;2.876
2017-07-16;4.0376;3.8936;2.876
2017-07-17;4.0376;3.8936;2.876
2017-07-18;4.04;3.896;2.8736
2017-07-19;4.0352;3.8912;2.8696
2017-07-20;4.0392;3.8952;2.8816
2017-07-21;4.0336;3.8896;2.8896
2017-07-22;4.0288;3.8848;2.8728
2017-07-23;4.0288;3.8848;2.8728
2017-07-24;4.0288;3.8848;2.8728
2017-07-25;4.0256;3.8816;2.868
2017-07-26;4.0088;3.8648;2.8856
2017-07-27;4.0184;3.8744;2.912
2017-07-28;4.0376;3.8936;2.9144
2017-07-29;4.0552;3.9112;2.9304
2017-07-30;4.0552;3.9112;2.9304
2017-07-31;4.0552;3.9112;2.9304
2017-08-01;4.0664;3.9224;2.9336
2017-08-02;4.0624;3.9184;2.9248
2017-08-03;4.0624;3.9184;2.9216
2017-08-04;4.0664;3.9224;2.9208
2017-08-05;4.0616;3.9176;2.9144
2017-08-06;4.0616;3.9176;2.9144
2017-08-07;4.0616;3.9176;2.9144
2017-08-08;4.0552;3.9112;2.9048
2017-08-09;4.0544;3.9104;2.9024
2017-08-10;4.0568;3.9128;2.9056
2017-08-11;4.0664;3.9224;2.9208
2017-08-12;4.072;3.928;2.916
2017-08-13;4.072;3.928;2.916
2017-08-14;4.072;3.928;2.916
2017-08-15;4.0696;3.9256;2.9144
2017-08-16;4.0696;3.9256;2.9144
2017-08-17;4.048;3.904;2.9024
2017-08-18;4.0328;3.8888;2.8904
2017-08-19;4.036;3.892;2.8896
2017-08-20;4.036;3.892;2.8896
2017-08-21;4.036;3.892;2.8896
2017-08-22;4.0368;3.8928;2.8872
2017-08-23;4.044;3.9;2.8896
2017-08-24;4.0496;3.9056;2.9008
2017-08-25;4.0584;3.9144;2.9104
2017-08-26;4.0576;3.9136;2.904
2017-08-27;4.0576;3.9136;2.904
2017-08-28;4.0576;3.9136;2.904
2017-08-29;4.0576;3.9136;2.904
2017-08-30;4.0536;3.9096;2.8968
2017-08-31;4.06;3.916;2.9176
2017-09-01;4.0752;3.9312;2.9456
2017-09-02;4.1032;3.9592;2.9528
2017-09-03;4.1032;3.9592;2.9528
2017-09-04;4.1032;3.9592;2.9528
2017-09-05;4.1064;3.9624;2.9488
2017-09-06;4.12;3.976;2.9816
2017-09-07;4.1256;3.9816;2.988
2017-09-08;4.1376;3.9936;2.9944
2017-09-09;4.1344;3.9904;2.9904
2017-09-10;4.1344;3.9904;2.9904
2017-09-11;4.1344;3.9904;2.9904
2017-09-12;4.1272;3.9832;2.9848
2017-09-13;4.1184;3.9744;2.984
2017-09-14;4.1264;3.9824;3.0048
2017-09-15;4.1384;3.9944;3.0304
2017-09-16;4.1552;4.0112;3.0368
2017-09-17;4.1552;4.0112;3.0368
2017-09-18;4.1552;4.0112;3.0368
2017-09-19;4.1512;4.0072;3.0264
2017-09-20;4.1504;4.0064;3.024
2017-09-21;4.156;4.012;3.0288
2017-09-22;4.1656;4.0216;3.0512
2017-09-23;4.1704;4.0264;3.044
2017-09-24;4.1704;4.0264;3.044
2017-09-25;4.1704;4.0264;3.044
2017-09-26;4.1848;4.0408;3.064
2017-09-27;4.1912;4.0472;3.0656
2017-09-28;4.2088;4.0648;3.0872
2017-09-29;4.22;4.076;3.0912
2017-09-30;4.2216;4.0776;3.0848
2017-10-01;4.2216;4.0776;3.0848
2017-10-02;4.2216;4.0776;3.0848
2017-10-03;4.2144;4.0704;3.0728
2017-10-04;4.196;4.052;3.064
2017-10-05;4.1808;4.0368;3.0512
2017-10-06;4.1896;4.0456;3.0472
2017-10-07;4.1816;4.0376;3.0296
2017-10-08;4.1816;4.0376;3.0296
2017-10-09;4.1816;4.0376;3.0296
2017-10-10;4.1736;4.0296;3.0216
2017-10-11;4.1744;4.0304;3.02
2017-10-12;4.164;4.02;3.016
2017-10-13;4.1584;4.0144;3.004
2017-10-14;4.1632;4.0192;3.0296
2017-10-15;4.1632;4.0192;3.0296
2017-10-16;4.1632;4.0192;3.0296
2017-10-17;4.1744;4.0304;3.0592
2017-10-18;4.1848;4.0408;3.0536
2017-10-19;4.1792;4.0352;3.0488
2017-10-20;4.172;4.028;3.0424
2017-10-21;4.1728;4.0288;3.0416
2017-10-22;4.1728;4.0288;3.0416
2017-10-23;4.1728;4.0288;3.0416
2017-10-24;4.1688;4.0248;3.0344
2017-10-25;4.1656;4.0216;3.028
2017-10-26;4.172;4.028;3.032
2017-10-27;4.1768;4.0328;3.0312
2017-10-28;4.2536;4.0576;3.088
2017-10-29;4.2536;4.0576;3.088
2017-10-30;4.2536;4.0576;3.088
2017-10-31;4.268;4.072;3.0832
2017-11-01;4.268;4.072;3.0832
2017-11-02;4.268;4.072;3.0832
2017-11-03;4.2792;4.0832;3.0912
2017-11-04;4.2792;4.0832;3.1008
2017-11-05;4.2792;4.0832;3.1008
2017-11-06;4.2792;4.0832;3.1008
2017-11-07;4.2896;4.0936;3.1488
2017-11-08;4.3088;4.1128;3.1512
2017-11-09;4.3208;4.1248;3.148
2017-11-10;4.3248;4.1288;3.1544
2017-11-11;4.3344;4.1384;3.1504
2017-11-12;4.3344;4.1384;3.1504
2017-11-13;4.3344;4.1384;3.1504
2017-11-14;4.3336;4.1376;3.148
2017-11-15;4.3168;4.1208;3.1368
2017-11-16;4.3032;4.1072;3.128
2017-11-17;4.296;4.1;3.1176
2017-11-18;4.304;4.108;3.1208
2017-11-19;4.304;4.108;3.1208
2017-11-20;4.304;4.108;3.1208
2017-11-21;4.2968;4.1008;3.112
2017-11-22;4.2992;4.1032;3.1152
2017-11-23;4.3008;4.1048;3.116
2017-11-24;4.2984;4.1024;3.1128
2017-11-25;4.296;4.1;3.1104
2017-11-26;4.296;4.1;3.1104
2017-11-27;4.296;4.1;3.1104
2017-11-28;4.288;4.092;3.1064
2017-11-29;4.2864;4.0904;3.104
2017-11-30;4.2816;4.0856;3.0984
2017-12-01;4.2784;4.0824;3.0944
2017-12-02;4.28;4.084;3.1032
2017-12-03;4.28;4.084;3.1032
2017-12-04;4.28;4.084;3.1032
2017-12-05;4.2736;4.0776;3.092
2017-12-06;4.2696;4.0736;3.088
2017-12-07;4.256;4.06;3.0832
2017-12-08;4.2528;4.0568;3.0824
2017-12-09;4.2608;4.0648;3.12
2017-12-10;4.2608;4.0648;3.12
2017-12-11;4.2608;4.0648;3.12
2017-12-12;4.2888;4.0928;3.1304
2017-12-13;4.3048;4.1088;3.132
2017-12-14;4.3064;4.1104;3.1264
2017-12-15;4.304;4.108;3.1216
2017-12-16;4.2984;4.1024;3.1208
2017-12-17;4.2984;4.1024;3.1208
2017-12-18;4.2984;4.1024;3.1208
2017-12-19;4.3016;4.1056;3.1264
2017-12-20;4.2984;4.1024;3.124
2017-12-21;4.3024;4.1064;3.1312
2017-12-22;4.3032;4.1072;3.1296
2017-12-23;4.3032;4.1072;3.1296
2017-12-24;4.3032;4.1072;3.1296
2017-12-25;4.3032;4.1072;3.1296
2017-12-26;4.3032;4.1072;3.1296
2017-12-27;4.3032;4.1072;3.1296
2017-12-28;4.316;4.12;3.1664
2017-12-29;4.3288;4.1328;3.1656
2017-12-30;4.336;4.14;3.1648
2017-12-31;4.336;4.14;3.1648
2018-01-01;4.3288;4.1328;3.1648
2018-01-02;4.3288;4.1328;3.1648
2018-01-03;4.32;4.124;3.16
2018-01-04;4.3256;4.1296;3.1688
2018-01-05;4.3152;4.1192;3.1672
2018-01-06;4.3136;4.1176;3.164
2018-01-07;4.3136;4.1176;3.164
2018-01-08;4.3136;4.1176;3.164
2018-01-09;4.316;4.12;3.1632
2018-01-10;4.3216;4.1256;3.1808
2018-01-11;4.3352;4.1392;3.196
2018-01-12;4.34;4.144;3.2048
2018-01-13;4.3296;4.1336;3.188
2018-01-14;4.3296;4.1336;3.188
2018-01-15;4.3296;4.1336;3.188
2018-01-16;4.3216;4.1256;3.1808
2018-01-17;4.3072;4.1112;3.1768
2018-01-18;4.3008;4.1048;3.168
2018-01-19;4.2952;4.0992;3.1568
2018-01-20;4.2856;4.0896;3.1512
2018-01-21;4.2856;4.0896;3.1512
2018-01-22;4.2856;4.0896;3.1512
2018-01-23;4.2872;4.0912;3.1536
2018-01-24;4.2896;4.0936;3.1632
2018-01-25;4.292;4.096;3.1592
2018-01-26;4.2912;4.0952;3.1568
2018-01-27;4.2912;4.0952;3.1552
2018-01-28;4.2912;4.0952;3.1552
2018-01-29;4.2912;4.0952;3.1552
2018-01-30;4.284;4.088;3.1504
2018-01-31;4.2744;4.0784;3.1416
2018-02-01;4.264;4.068;3.1328
2018-02-02;4.2664;4.0704;3.128
2018-02-03;4.268;4.072;3.1192
2018-02-04;4.268;4.072;3.1192
2018-02-05;4.268;4.072;3.1192
2018-02-06;4.2664;4.0704;3.1144
2018-02-07;4.2536;4.0576;3.1072
2018-02-08;4.2376;4.0416;3.096
2018-02-09;4.2208;4.0248;3.0816
2018-02-10;4.2072;4.0112;3.0656
2018-02-11;4.2072;4.0112;3.0656
2018-02-12;4.2072;4.0112;3.0656
2018-02-13;4.1944;3.9984;3.048
2018-02-14;4.1728;3.9768;3.0288
2018-02-15;4.1664;3.9704;3.016
2018-02-16;4.1584;3.9624;3.0024
2018-02-17;4.1672;3.9712;3.0104
2018-02-18;4.1672;3.9712;3.0104
2018-02-19;4.1672;3.9712;3.0104
2018-02-20;4.1824;3.9864;3.04
2018-02-21;4.2008;4.0048;3.04
2018-02-22;4.2128;4.0168;3.0472
2018-02-23;4.2288;4.0328;3.0824
2018-02-24;4.2504;4.0544;3.0904
2018-02-25;4.2504;4.0544;3.0904
2018-02-26;4.2504;4.0544;3.0904
2018-02-27;4.268;4.072;3.1024
2018-02-28;4.2696;4.0736;3.0984
2018-03-01;4.264;4.068;3.0896
2018-03-02;4.2504;4.0544;3.08
2018-03-03;4.2312;4.0352;3.0704
2018-03-04;4.2312;4.0352;3.0704
2018-03-05;4.2312;4.0352;3.0704
2018-03-06;4.2368;4.0408;3.06
2018-03-07;4.2432;4.0472;3.0512
2018-03-08;4.2392;4.0432;3.0472
2018-03-09;4.2376;4.0416;3.044
2018-03-10;4.244;4.048;3.064
2018-03-11;4.244;4.048;3.064
2018-03-12;4.244;4.048;3.064
2018-03-13;4.2424;4.0464;3.0528
2018-03-14;4.244;4.048;3.0512
2018-03-15;4.2456;4.0496;3.0512
2018-03-16;4.2488;4.0528;3.0592
2018-03-17;4.2576;4.0616;3.0776
2018-03-18;4.2576;4.0616;3.0776
2018-03-19;4.2576;4.0616;3.0776
2018-03-20;4.2704;4.0744;3.0912
2018-03-21;4.2856;4.0896;3.1088
2018-03-22;4.3168;4.1208;3.1616
2018-03-23;4.3304;4.1344;3.1504
2018-03-24;4.3392;4.1432;3.156
2018-03-25;4.3392;4.1432;3.156
2018-03-26;4.3392;4.1432;3.156
2018-03-27;4.3504;4.1544;3.1608
2018-03-28;4.352;4.156;3.1616
2018-03-29;4.352;4.156;3.1616
2018-03-30;4.3568;4.1608;3.1592
2018-03-31;4.3568;4.1608;3.1592
2018-04-01;4.3568;4.1608;3.1592
2018-04-02;4.3568;4.1608;3.1592
2018-04-03;4.3568;4.1608;3.1592
2018-04-04;4.3544;4.1584;3.156
2018-04-05;4.3544;4.1584;3.156
2018-04-06;4.3528;4.1568;3.1536
2018-04-07;4.3488;4.1528;3.1488
2018-04-08;4.3488;4.1528;3.1488
2018-04-09;4.3488;4.1528;3.1488
2018-04-10;4.3528;4.1568;3.152
2018-04-11;4.3648;4.1688;3.1816
2018-04-12;4.392;4.196;3.2136
2018-04-13;4.408;4.212;3.2048
2018-04-14;4.4128;4.2168;3.204
2018-04-15;4.4128;4.2168;3.204
2018-04-16;4.4056;4.2096;3.204
2018-04-17;4.3968;4.2008;3.196
2018-04-18;4.384;4.188;3.1888
2018-04-19;4.3856;4.1896;3.1904
2018-04-20;4.392;4.196;3.212
2018-04-21;4.4064;4.2104;3.2064
2018-04-22;4.4064;4.2104;3.2064
2018-04-23;4.4064;4.2104;3.2064
2018-04-24;4.4208;4.2248;3.2328
2018-04-25;4.436;4.24;3.2616
2018-04-26;4.4584;4.2624;3.2568
2018-04-27;4.4768;4.2808;3.288
2018-04-28;4.4872;4.2912;3.2872
2018-04-29;4.4872;4.2912;3.2872
2018-04-30;4.4872;4.2912;3.2872
2018-05-01;4.4944;4.2984;3.2856
2018-05-02;4.4944;4.2984;3.2856
2018-05-03;4.4944;4.2984;3.2912
2018-05-04;4.4944;4.2984;3.2912
2018-05-05;4.5104;4.3144;3.3176
2018-05-06;4.5104;4.3144;3.3176
2018-05-07;4.5104;4.3144;3.3176
2018-05-08;4.5104;4.3144;3.3176
2018-05-09;4.5256;4.3296;3.3192
2018-05-10;4.5664;4.3704;3.3888
2018-05-11;4.5848;4.3888;3.376
2018-05-12;4.5992;4.4032;3.3744
2018-05-13;4.5992;4.4032;3.3744
2018-05-14;4.5992;4.4032;3.3744
2018-05-15;4.6056;4.4096;3.3744
2018-05-16;4.6168;4.4208;3.4088
2018-05-17;4.6304;4.4344;3.4136
2018-05-18;4.66;4.464;3.4664
2018-05-19;4.6752;4.4792;3.4608
2018-05-20;4.6752;4.4792;3.4608
2018-05-21;4.6752;4.4792;3.4608
2018-05-22;4.6832;4.4872;3.46
2018-05-23;4.688;4.492;3.4608
2018-05-24;4.6936;4.4976;3.468
2018-05-25;4.7;4.504;3.4656
2018-05-26;4.6896;4.4936;3.4544
2018-05-27;4.6896;4.4936;3.4544
2018-05-28;4.6896;4.4936;3.4544
2018-05-29;4.6896;4.4936;3.4544
2018-05-30;4.6864;4.4904;3.4496
2018-05-31;4.6912;4.4952;3.4576
2018-06-01;4.6912;4.4952;3.4576
2018-06-02;4.6792;4.4832;3.44
2018-06-03;4.6792;4.4832;3.44
2018-06-04;4.6792;4.4832;3.44
2018-06-05;4.6528;4.4568;3.4272
2018-06-06;4.6144;4.4184;3.4064
2018-06-07;4.592;4.396;3.3824
2018-06-08;4.5848;4.3888;3.3688
2018-06-09;4.5944;4.3984;3.3824
2018-06-10;4.5944;4.3984;3.3824
2018-06-11;4.5944;4.3984;3.3824
2018-06-12;4.5968;4.4008;3.3744
2018-06-13;4.6;4.404;3.3744
2018-06-14;4.6048;4.4088;3.3832
2018-06-15;4.596;4.4;3.372
2018-06-16;4.5848;4.3888;3.364
2018-06-17;4.5848;4.3888;3.364
2018-06-18;4.5848;4.3888;3.364
2018-06-19;4.5864;4.3904;3.3608
2018-06-20;4.5896;4.3936;3.3648
2018-06-21;4.5912;4.3952;3.3752
2018-06-22;4.588;4.392;3.3728
2018-06-23;4.5832;4.3872;3.3688
2018-06-24;4.5832;4.3872;3.3688
2018-06-25;4.5832;4.3872;3.3688
2018-06-26;4.576;4.38;3.3632
2018-06-27;4.5784;4.3824;3.3656
2018-06-28;4.6008;4.4048;3.3872
2018-06-29;4.6296;4.4336;3.4144
2018-06-30;4.6584;4.4624;3.4456
2018-07-01;4.6584;4.4624;3.4456
2018-07-02;4.6584;4.4624;3.4456
2018-07-03;4.6568;4.4608;3.4456
2018-07-04;4.6528;4.4568;3.4424
2018-07-05;4.6552;4.4592;3.4472
2018-07-06;4.656;4.46;3.448
2018-07-07;4.648;4.452;3.4392
2018-07-08;4.648;4.452;3.4392
2018-07-09;4.648;4.452;3.4392
2018-07-10;4.64;4.444;3.4288
2018-07-11;4.6416;4.4456;3.4312
2018-07-12;4.6312;4.4352;3.4216
2018-07-13;4.6088;4.4128;3.3984
2018-07-14;4.6056;4.4096;3.3936
2018-07-15;4.6056;4.4096;3.3936
2018-07-16;4.6056;4.4096;3.3936
2018-07-17;4.572;4.376;3.3576
2018-07-18;4.556;4.36;3.3408
2018-07-19;4.5424;4.3464;3.324
2018-07-20;4.5576;4.3616;3.34
2018-07-21;4.5672;4.3712;3.3472
2018-07-22;4.5672;4.3712;3.3472
2018-07-23;4.5672;4.3712;3.3472
2018-07-24;4.5848;4.3888;3.3624
2018-07-25;4.5968;4.4008;3.372
2018-07-26;4.604;4.408;3.3752
2018-07-27;4.6104;4.4144;3.3808
2018-07-28;4.6176;4.4216;3.3888
2018-07-29;4.6176;4.4216;3.3888
2018-07-30;4.6176;4.4216;3.3888
2018-07-31;4.616;4.42;3.3888
2018-08-01;4.6096;4.4136;3.3832
2018-08-02;4.5832;4.3872;3.3576
2018-08-03;4.576;4.38;3.3552
2018-08-04;4.584;4.388;3.3608
2018-08-05;4.584;4.388;3.3608
2018-08-06;4.584;4.388;3.3608
2018-08-07;4.592;4.396;3.372
2018-08-08;4.6008;4.4048;3.3824
2018-08-09;4.5904;4.3944;3.372
2018-08-10;4.584;4.388;3.368
2018-08-11;4.5976;4.4016;3.3808
2018-08-12;4.5976;4.4016;3.3808
2018-08-13;4.5976;4.4016;3.3808
2018-08-14;4.616;4.42;3.4
2018-08-15;4.6336;4.4376;3.4208
2018-08-16;4.6336;4.4376;3.4208
2018-08-17;4.6128;4.4168;3.3992
2018-08-18;4.6144;4.4184;3.4
2018-08-19;4.6144;4.4184;3.4
2018-08-20;4.6144;4.4184;3.4
2018-08-21;4.612;4.416;3.3968
2018-08-22;4.6104;4.4144;3.3952
2018-08-23;4.6152;4.4192;3.4
2018-08-24;4.624;4.428;3.4072
2018-08-25;4.6424;4.4464;3.4232
2018-08-26;4.6424;4.4464;3.4232
2018-08-27;4.6424;4.4464;3.4232
2018-08-28;4.6424;4.4464;3.4232
2018-08-29;4.6512;4.4552;3.4312
2018-08-30;4.656;4.46;3.4408
2018-08-31;4.6616;4.4656;3.4472
2018-09-01;4.6688;4.4728;3.4592
2018-09-02;4.6688;4.4728;3.4592
2018-09-03;4.6688;4.4728;3.4592
2018-09-04;4.684;4.488;3.4744
2018-09-05;4.6984;4.5024;3.4912
2018-09-06;4.6976;4.5016;3.4912
2018-09-07;4.692;4.496;3.4848
2018-09-08;4.6752;4.4792;3.4648
2018-09-09;4.6752;4.4792;3.4648
2018-09-10;4.6752;4.4792;3.4648
2018-09-11;4.6784;4.4824;3.4664
2018-09-12;4.6808;4.4848;3.4688
2018-09-13;4.6952;4.4992;3.4832
2018-09-14;4.6912;4.4952;3.4784
2018-09-15;4.68;4.484;3.4672
2018-09-16;4.68;4.484;3.4672
2018-09-17;4.68;4.484;3.4672
2018-09-18;4.6664;4.4704;3.4504
2018-09-19;4.6688;4.4728;3.4512
2018-09-20;4.6672;4.4712;3.452
2018-09-21;4.668;4.472;3.4528
2018-09-22;4.6624;4.4664;3.4472
2018-09-23;4.6624;4.4664;3.4472
2018-09-24;4.6624;4.4664;3.4472
2018-09-25;4.672;4.476;3.4568
2018-09-26;4.6904;4.4944;3.4744
2018-09-27;4.7176;4.5216;3.4928
2018-09-28;4.7192;4.5232;3.4984
2018-09-29;4.744;4.548;3.5136
2018-09-30;4.744;4.548;3.5136
2018-10-01;4.744;4.548;3.5136
2018-10-02;4.7616;4.5656;3.5424
2018-10-03;4.8032;4.6072;3.584
2018-10-04;4.8184;4.6224;3.608
2018-10-05;4.8416;4.6456;3.632
2018-10-06;4.8464;4.6504;3.636
2018-10-07;4.8464;4.6504;3.636
2018-10-08;4.8464;4.6504;3.636
2018-10-09;4.8424;4.6464;3.6344
2018-10-10;4.8504;4.6544;3.64
2018-10-11;4.8472;4.6512;3.6368
2018-10-12;4.8232;4.6272;3.6176
2018-10-13;4.8096;4.6136;3.584
2018-10-14;4.8096;4.6136;3.584
2018-10-15;4.8096;4.6136;3.584
2018-10-16;4.7848;4.5888;3.5568
2018-10-17;4.764;4.568;3.5448
2018-10-18;4.7504;4.5544;3.5424
2018-10-19;4.7584;4.5624;3.5464
2018-10-20;4.7672;4.5712;3.5584
2018-10-21;4.7672;4.5712;3.5584
2018-10-22;4.7672;4.5712;3.5584
2018-10-23;4.7736;4.5776;3.5632
2018-10-24;4.7656;4.5696;3.5576
2018-10-25;4.7624;4.5664;3.552
2018-10-26;4.7864;4.5904;3.556
2018-10-27;4.8088;4.6128;3.5632
2018-10-28;4.8088;4.6128;3.5632
2018-10-29;4.8088;4.6128;3.5632
2018-10-30;4.8176;4.6216;3.572
2018-10-31;4.8144;4.6184;3.564
2018-11-01;4.8272;4.6312;3.5696
2018-11-02;4.8272;4.6312;3.5696
2018-11-03;4.8056;4.6096;3.5176
2018-11-04;4.8056;4.6096;3.5176
2018-11-05;4.8056;4.6096;3.5176
2018-11-06;4.7872;4.5912;3.4896
2018-11-07;4.756;4.56;3.4784
2018-11-08;4.7568;4.5608;3.4768
2018-11-09;4.748;4.552;3.4672
2018-11-10;4.74;4.544;3.4584
2018-11-11;4.74;4.544;3.4584
2018-11-12;4.74;4.544;3.4584
2018-11-13;4.74;4.544;3.4584
2018-11-14;4.7224;4.5264;3.4512
2018-11-15;4.712;4.516;3.4424
2018-11-16;4.7024;4.5064;3.4184
2018-11-17;4.696;4.5;3.4072
2018-11-18;4.696;4.5;3.4072
2018-11-19;4.696;4.5;3.4072
2018-11-20;4.6824;4.4864;3.3944
2018-11-21;4.6584;4.4624;3.3728
2018-11-22;4.6328;4.4368;3.352
2018-11-23;4.6016;4.4056;3.3248
2018-11-24;4.5664;4.3704;3.292
2018-11-25;4.5664;4.3704;3.292
2018-11-26;4.5664;4.3704;3.292
2018-11-27;4.5728;4.3768;3.2704
2018-11-28;4.544;4.348;3.2584
2018-11-29;4.5416;4.3456;3.2472
2018-11-30;4.512;4.316;3.2256
2018-12-01;4.4864;4.2904;3.1976
2018-12-02;4.4864;4.2904;3.1976
2018-12-03;4.4864;4.2904;3.1976
2018-12-04;4.492;4.296;3.204
2018-12-05;4.5168;4.3208;3.212
2018-12-06;4.5472;4.3512;3.2368
2018-12-07;4.528;4.332;3.212
2018-12-08;4.544;4.348;3.2256
2018-12-09;4.544;4.348;3.2256
2018-12-10;4.544;4.348;3.2256
2018-12-11;4.5336;4.3376;3.2152
2018-12-12;4.52;4.324;3.2008
2018-12-13;4.5208;4.3248;3.2032
2018-12-14;4.5088;4.3128;3.1952
2018-12-15;4.5072;4.3112;3.1952
2018-12-16;4.5072;4.3112;3.1952
2018-12-17;4.5072;4.3112;3.1952
2018-12-18;4.5024;4.3064;3.1816
2018-12-19;4.488;4.292;3.1568
2018-12-20;4.4744;4.2784;3.1344
2018-12-21;4.44;4.244;3.1032
2018-12-22;4.3888;4.1928;3.0832
2018-12-23;4.3888;4.1928;3.0832
2018-12-24;4.3888;4.1928;3.0832
2018-12-25;4.3888;4.1928;3.0832
2018-12-26;4.3888;4.1928;3.0832
2018-12-27;4.376;4.18;3.0552
2018-12-28;4.376;4.18;3.0552
2018-12-29;4.3392;4.1432;3.0328
2018-12-30;4.3392;4.1432;3.0328
2018-12-31;4.3392;4.1432;3.0328
2019-01-01;4.3432;4.1472;3.0328
2019-01-02;4.3432;4.1472;3.0328
2019-01-03;4.3512;4.1552;3.0424
2019-01-04;4.3576;4.1616;3.0496
2019-01-05;4.3912;4.1952;3.0832
2019-01-06;4.3912;4.1952;3.0832
2019-01-07;4.3912;4.1952;3.0832
2019-01-08;4.4088;4.2128;3.1088
2019-01-09;4.428;4.232;3.1368
2019-01-10;4.452;4.256;3.1648
2019-01-11;4.4664;4.2704;3.1848
2019-01-12;4.4816;4.2856;3.2016
2019-01-13;4.4816;4.2856;3.2016
2019-01-14;4.4816;4.2856;3.2016
2019-01-15;4.4984;4.3024;3.2064
2019-01-16;4.4984;4.3024;3.2
2019-01-17;4.4984;4.3024;3.204
2019-01-18;4.4992;4.3032;3.204
2019-01-19;4.5056;4.3096;3.2184
2019-01-20;4.5056;4.3096;3.2184
2019-01-21;4.5056;4.3096;3.2184
2019-01-22;4.5168;4.3208;3.224
2019-01-23;4.516;4.32;3.2208
2019-01-24;4.52;4.324;3.22
2019-01-25;4.5144;4.3184;3.2184
2019-01-26;4.5112;4.3152;3.2192
2019-01-27;4.5112;4.3152;3.2192
2019-01-28;4.5112;4.3152;3.2192
2019-01-29;4.5032;4.3072;3.2048
2019-01-30;4.5008;4.3048;3.208
2019-01-31;4.504;4.308;3.212
2019-02-01;4.5048;4.3088;3.224
2019-02-02;4.524;4.328;3.22
2019-02-03;4.524;4.328;3.22
2019-02-04;4.524;4.328;3.22
2019-02-05;4.5272;4.3312;3.2224
2019-02-06;4.5264;4.3304;3.2248
2019-02-07;4.5304;4.3344;3.2336
2019-02-08;4.5384;4.3424;3.2336
2019-02-09;4.5464;4.3504;3.2424
2019-02-10;4.5464;4.3504;3.2424
2019-02-11;4.5464;4.3504;3.2424
2019-02-12;4.5552;4.3592;3.2464
2019-02-13;4.5696;4.3736;3.2624
2019-02-14;4.584;4.388;3.28
2019-02-15;4.604;4.408;3.3024
2019-02-16;4.628;4.432;3.3304
2019-02-17;4.628;4.432;3.3304
2019-02-18;4.628;4.432;3.3304
2019-02-19;4.6512;4.4552;3.3504
2019-02-20;4.6384;4.4424;3.352
2019-02-21;4.64;4.444;3.36
2019-02-22;4.6448;4.4488;3.3632
2019-02-23;4.6488;4.4528;3.3696
2019-02-24;4.6488;4.4528;3.3696
2019-02-25;4.6488;4.4528;3.3696
2019-02-26;4.6232;4.4272;3.3592
2019-02-27;4.64;4.444;3.3528
2019-02-28;4.6416;4.4456;3.3536
2019-03-01;4.6424;4.4464;3.3536
2019-03-02;4.6336;4.4376;3.3448
2019-03-03;4.6336;4.4376;3.3448
2019-03-04;4.6336;4.4376;3.3448
2019-03-05;4.6352;4.4392;3.3456
2019-03-06;4.6344;4.4384;3.344
2019-03-07;4.6416;4.4456;3.344
2019-03-08;4.6384;4.4424;3.3432
2019-03-09;4.6328;4.4368;3.3384
2019-03-10;4.6328;4.4368;3.3384
2019-03-11;4.6328;4.4368;3.3384
2019-03-12;4.6304;4.4344;3.3368
2019-03-13;4.6264;4.4304;3.332
2019-03-14;4.6208;4.4248;3.3288
2019-03-15;4.616;4.42;3.3264
2019-03-16;4.612;4.416;3.3232
2019-03-17;4.612;4.416;3.3232
2019-03-18;4.612;4.416;3.3232
2019-03-19;4.6064;4.4104;3.3176
2019-03-20;4.612;4.416;3.3176
2019-03-21;4.6336;4.4376;3.3216
2019-03-22;4.628;4.432;3.3176
2019-03-23;4.6192;4.4232;3.3112
2019-03-24;4.6192;4.4232;3.3112
2019-03-25;4.6192;4.4232;3.3112
2019-03-26;4.6224;4.4264;3.312
2019-03-27;4.6304;4.4344;3.3128
2019-03-28;4.6352;4.4392;3.3168
2019-03-29;4.6352;4.4392;3.312
2019-03-30;4.644;4.448;3.3168
2019-03-31;4.644;4.448;3.3168
2019-04-01;4.644;4.448;3.3168
2019-04-02;4.6472;4.4512;3.32
2019-04-03;4.6536;4.4576;3.336
2019-04-04;4.6536;4.4576;3.3352
2019-04-05;4.6608;4.4648;3.34
2019-04-06;4.6664;4.4704;3.3456
2019-04-07;4.6664;4.4704;3.3456
2019-04-08;4.6664;4.4704;3.3456
2019-04-09;4.6856;4.4896;3.3576
2019-04-10;4.6944;4.4984;3.3608
2019-04-11;4.708;4.512;3.368
2019-04-12;4.716;4.52;3.3728
2019-04-13;4.7152;4.5192;3.3784
2019-04-14;4.7152;4.5192;3.3784
2019-04-15;4.7152;4.5192;3.3784
2019-04-16;4.7112;4.5152;3.372
2019-04-17;4.7112;4.5152;3.372
2019-04-18;4.7168;4.5208;3.3752
2019-04-19;4.7224;4.5264;3.3808
2019-04-20;4.7224;4.5264;3.3808
2019-04-21;4.7224;4.5264;3.3808
2019-04-22;4.7224;4.5264;3.3808
2019-04-23;4.7224;4.5264;3.3808
2019-04-24;4.7408;4.5448;3.3976
2019-04-25;4.7536;4.5576;3.412
2019-04-26;4.772;4.576;3.4296
2019-04-27;4.7576;4.5616;3.4112
2019-04-28;4.7576;4.5616;3.4112
2019-04-29;4.7576;4.5616;3.4112
2019-04-30;4.7536;4.5576;3.404
2019-05-01;4.7536;4.5576;3.404
2019-05-02;4.7536;4.5576;3.404
2019-05-03;4.7416;4.5456;3.3952
2019-05-04;4.7416;4.5456;3.3952
2019-05-05;4.7416;4.5456;3.3952
2019-05-06;4.7416;4.5456;3.3952
2019-05-07;4.7416;4.5456;3.3952
2019-05-08;4.728;4.532;3.3976
2019-05-09;4.7344;4.5384;3.3984
2019-05-10;4.7264;4.5304;3.3912
2019-05-11;4.7312;4.5352;3.392
2019-05-12;4.7312;4.5352;3.392
2019-05-13;4.7312;4.5352;3.392
2019-05-14;4.7368;4.5408;3.3952
2019-05-15;4.7384;4.5424;3.396
2019-05-16;4.7464;4.5504;3.4128
2019-05-17;4.7544;4.5584;3.4328
2019-05-18;4.7664;4.5704;3.4536
2019-05-19;4.7664;4.5704;3.4536
2019-05-20;4.7664;4.5704;3.4536
2019-05-21;4.7728;4.5768;3.4504
2019-05-22;4.7624;4.5664;3.4448
2019-05-23;4.7264;4.5304;3.4256
2019-05-24;4.668;4.472;3.3928
2019-05-25;4.6544;4.4584;3.3568
2019-05-26;4.6544;4.4584;3.3568
2019-05-27;4.6544;4.4584;3.3568
2019-05-28;4.6544;4.4584;3.3568
2019-05-29;4.6688;4.4728;3.3568
2019-05-30;4.6648;4.4688;3.3408
2019-05-31;4.6424;4.4464;3.3336
2019-06-01;4.5904;4.3944;3.3032
2019-06-02;4.5904;4.3944;3.3032
2019-06-03;4.5904;4.3944;3.3032
2019-06-04;4.5408;4.3448;3.2608
2019-06-05;4.532;4.336;3.2216
2019-06-06;4.4824;4.2864;3.184
2019-06-07;4.4872;4.2912;3.1648
2019-06-08;4.5008;4.3048;3.1712
2019-06-09;4.5008;4.3048;3.1712
2019-06-10;4.5008;4.3048;3.1712
2019-06-11;4.5048;4.3088;3.176
2019-06-12;4.5072;4.3112;3.1832
2019-06-13;4.4888;4.2928;3.1736
2019-06-14;4.4992;4.3032;3.1768
2019-06-15;4.508;4.312;3.1808
2019-06-16;4.508;4.312;3.1808
2019-06-17;4.508;4.312;3.1808
2019-06-18;4.5112;4.3152;3.1904
2019-06-19;4.5168;4.3208;3.2
2019-06-20;4.5256;4.3296;3.2024
2019-06-21;4.5256;4.3296;3.2024
2019-06-22;4.5512;4.3552;3.2352
2019-06-23;4.5512;4.3552;3.2352
2019-06-24;4.5512;4.3552;3.2352
2019-06-25;4.5496;4.3536;3.2304
2019-06-26;4.5608;4.3648;3.2384
2019-06-27;4.5736;4.3776;3.252
2019-06-28;4.58;4.384;3.264
2019-06-29;4.5816;4.3856;3.2632
2019-06-30;4.5816;4.3856;3.2632
2019-07-01;4.5816;4.3856;3.2632
2019-07-02;4.5816;4.3856;3.2608
2019-07-03;4.5568;4.3608;3.2488
2019-07-04;4.5496;4.3536;3.2352
2019-07-05;4.5512;4.3552;3.224
2019-07-06;4.5536;4.3576;3.2272
2019-07-07;4.5536;4.3576;3.2272
2019-07-08;4.5536;4.3576;3.2272
2019-07-09;4.5592;4.3632;3.2304
2019-07-10;4.5632;4.3672;3.2376
2019-07-11;4.5776;4.3816;3.2568
2019-07-12;4.5952;4.3992;3.2808
2019-07-13;4.6184;4.4224;3.2992
2019-07-14;4.6184;4.4224;3.2992
2019-07-15;4.6184;4.4224;3.2992
2019-07-16;4.6288;4.4328;3.292
2019-07-17;4.628;4.432;3.2888
2019-07-18;4.608;4.412;3.2704
2019-07-19;4.5664;4.3704;3.2448
2019-07-20;4.5584;4.3624;3.2256
2019-07-21;4.5584;4.3624;3.2256
2019-07-22;4.5584;4.3624;3.2256
2019-07-23;4.5816;4.3856;3.2352
2019-07-24;4.584;4.388;3.2424
2019-07-25;4.6264;4.4304;3.264
2019-07-26;4.6216;4.4256;3.2744
2019-07-27;4.6208;4.4248;3.2744
2019-07-28;4.6208;4.4248;3.2744
2019-07-29;4.6208;4.4248;3.2744
2019-07-30;4.6248;4.4288;3.2832
2019-07-31;4.6464;4.4504;3.292
2019-08-01;4.6672;4.4712;3.316
2019-08-02;4.6584;4.4624;3.3224
2019-08-03;4.648;4.452;3.3112
2019-08-04;4.648;4.452;3.3112
2019-08-05;4.648;4.452;3.3112
2019-08-06;4.6352;4.4392;3.2864
2019-08-07;4.6192;4.4232;3.2536
2019-08-08;4.5864;4.3904;3.2136
2019-08-09;4.5464;4.3504;3.1928
2019-08-10;4.5488;4.3528;3.2048
2019-08-11;4.5488;4.3528;3.2048
2019-08-12;4.5488;4.3528;3.2048
2019-08-13;4.552;4.356;3.2112
2019-08-14;4.5944;4.3984;3.2408
2019-08-15;4.592;4.396;3.2432
2019-08-16;4.592;4.396;3.2432
2019-08-17;4.6104;4.4144;3.2552
2019-08-18;4.6104;4.4144;3.2552
2019-08-19;4.6104;4.4144;3.2552
2019-08-20;4.6104;4.4144;3.256
2019-08-21;4.6176;4.4216;3.2616
2019-08-22;4.6304;4.4344;3.2712
2019-08-23;4.6272;4.4312;3.2776
2019-08-24;4.616;4.42;3.2696
2019-08-25;4.616;4.42;3.2696
2019-08-26;4.616;4.42;3.2696
2019-08-27;4.616;4.42;3.2696
2019-08-28;4.6096;4.4136;3.2592
2019-08-29;4.616;4.42;3.2728
2019-08-30;4.6392;4.4432;3.2856
2019-08-31;4.6416;4.4456;3.2888
2019-09-01;4.6416;4.4456;3.2888
2019-09-02;4.6416;4.4456;3.2888
2019-09-03;4.6384;4.4424;3.2848
2019-09-04;4.6328;4.4368;3.28
2019-09-05;4.6456;4.4496;3.2936
2019-09-06;4.652;4.456;3.3112
2019-09-07;4.6528;4.4568;3.3152
2019-09-08;4.6528;4.4568;3.3152
2019-09-09;4.6528;4.4568;3.3152
2019-09-10;4.664;4.468;3.336
2019-09-11;4.6816;4.4856;3.3488
2019-09-12;4.6864;4.4904;3.3496
2019-09-13;4.6536;4.4576;3.3416
2019-09-14;4.6456;4.4496;3.3216
2019-09-15;4.6456;4.4496;3.3216
2019-09-16;4.6456;4.4496;3.3216
2019-09-17;4.6976;4.5016;3.3592
2019-09-18;4.7112;4.5152;3.3936
2019-09-19;4.7208;4.5248;3.396
2019-09-20;4.7392;4.5432;3.4056
2019-09-21;4.7312;4.5352;3.4096
2019-09-22;4.7312;4.5352;3.4096
2019-09-23;4.7312;4.5352;3.4096
2019-09-24;4.7248;4.5288;3.4168
2019-09-25;4.7088;4.5128;3.408
2019-09-26;4.6984;4.5024;3.4128
2019-09-27;4.688;4.492;3.4056
2019-09-28;4.6912;4.4952;3.3992
2019-09-29;4.6912;4.4952;3.3992
2019-09-30;4.6912;4.4952;3.3992
2019-10-01;4.6688;4.4728;3.3968
2019-10-02;4.6648;4.4688;3.3872
2019-10-03;4.6504;4.4544;3.3736
2019-10-04;4.6352;4.4392;3.3528
2019-10-05;4.6256;4.4296;3.3344
2019-10-06;4.6256;4.4296;3.3344
2019-10-07;4.6256;4.4296;3.3344
2019-10-08;4.6224;4.4264;3.3344
2019-10-09;4.6208;4.4248;3.3208
2019-10-10;4.6248;4.4288;3.336
2019-10-11;4.6224;4.4264;3.3256
2019-10-12;4.6288;4.4328;3.3472
2019-10-13;4.6288;4.4328;3.3472
2019-10-14;4.6288;4.4328;3.3472
2019-10-15;4.6224;4.4264;3.3224
2019-10-16;4.6152;4.4192;3.3176
2019-10-17;4.6144;4.4184;3.3112
2019-10-18;4.6112;4.4152;3.3048
2019-10-19;4.6032;4.4072;3.2928
2019-10-20;4.6032;4.4072;3.2928
2019-10-21;4.6032;4.4072;3.2928
2019-10-22;4.596;4.4;3.2848
2019-10-23;4.5952;4.3992;3.2928
2019-10-24;4.5968;4.4008;3.2912
2019-10-25;4.6176;4.4216;3.3112
2019-10-26;4.616;4.42;3.316
2019-10-27;4.616;4.42;3.316
2019-10-28;4.616;4.42;3.316
2019-10-29;4.6104;4.4144;3.3112
2019-10-30;4.6088;4.4128;3.3144
2019-10-31;4.6008;4.4048;3.3064
2019-11-01;4.5824;4.3864;3.2912
2019-11-02;4.5824;4.3864;3.2912
2019-11-03;4.5824;4.3864;3.2912
2019-11-04;4.5824;4.3864;3.2912
2019-11-05;4.5928;4.3968;3.3048
2019-11-06;4.5952;4.3992;3.3032
2019-11-07;4.596;4.4;3.3048
2019-11-08;4.5944;4.3984;3.3016
2019-11-09;4.5984;4.4024;3.2984
2019-11-10;4.5984;4.4024;3.2984
2019-11-11;4.5984;4.4024;3.2984
2019-11-12;4.5984;4.4024;3.2984
2019-11-13;4.6032;4.4072;3.3032
2019-11-14;4.6032;4.4072;3.312
2019-11-15;4.6288;4.4328;3.3352
2019-11-16;4.6448;4.4488;3.3408
2019-11-17;4.6448;4.4488;3.3408
2019-11-18;4.6448;4.4488;3.3408
2019-11-19;4.6272;4.4312;3.3256
2019-11-20;4.6176;4.4216;3.316
2019-11-21;4.6152;4.4192;3.3136
2019-11-22;4.6144;4.4184;3.3176
2019-11-23;4.6248;4.4288;3.3304
2019-11-24;4.6248;4.4288;3.3304
2019-11-25;4.6248;4.4288;3.3304
2019-11-26;4.6376;4.4416;3.3448
2019-11-27;4.656;4.46;3.3632
2019-11-28;4.656;4.46;3.3624
2019-11-29;4.6624;4.4664;3.3616
2019-11-30;4.6536;4.4576;3.3496
2019-12-01;4.6536;4.4576;3.3496
2019-12-02;4.6536;4.4576;3.3496
2019-12-03;4.648;4.452;3.3432
2019-12-04;4.6352;4.4392;3.328
2019-12-05;4.636;4.44;3.3176
2019-12-06;4.6416;4.4456;3.3208
2019-12-07;4.6488;4.4528;3.3256
2019-12-08;4.6488;4.4528;3.3256
2019-12-09;4.6488;4.4528;3.3256
2019-12-10;4.6592;4.4632;3.3312
2019-12-11;4.672;4.476;3.3416
2019-12-12;4.6576;4.4616;3.3272
2019-12-13;4.6464;4.4504;3.3264
2019-12-14;4.6512;4.4552;3.332
2019-12-15;4.6512;4.4552;3.332
2019-12-16;4.6512;4.4552;3.332
2019-12-17;4.664;4.468;3.3608
2019-12-18;4.6792;4.4832;3.372
2019-12-19;4.7016;4.5056;3.3736
2019-12-20;4.7184;4.5224;3.3888
2019-12-21;4.7232;4.5272;3.3896
2019-12-22;4.7232;4.5272;3.3896
2019-12-23;4.7232;4.5272;3.3896
2019-12-24;4.7368;4.5408;3.3904
2019-12-25;4.7368;4.5408;3.3904
2019-12-26;4.7368;4.5408;3.3904
2019-12-27;4.7368;4.5408;3.3904
2019-12-28;4.7696;4.5736;3.4168
2019-12-29;4.7696;4.5736;3.4168
2019-12-30;4.7696;4.5736;3.4168
2019-12-31;4.7592;4.5632;3.4064
2020-01-01;4.7424;4.5464;3.3976
2020-01-02;4.7424;4.5464;3.3976
2020-01-03;4.7392;4.5432;3.3936
2020-01-04;4.7592;4.5632;3.4144
2020-01-05;4.7592;4.5632;3.4144
2020-01-06;4.7592;4.5632;3.4144
2020-01-07;4.7592;4.5632;3.4144
2020-01-08;4.7408;4.5448;3.3976
2020-01-09;4.7328;4.5368;3.3904
2020-01-10;4.7056;4.5096;3.3816
2020-01-11;4.684;4.488;3.368
2020-01-12;4.684;4.488;3.368
2020-01-13;4.684;4.488;3.368
2020-01-14;4.6272;4.4312;3.3472
2020-01-15;4.6144;4.4184;3.3288
2020-01-16;4.6008;4.4048;3.312
2020-01-17;4.5896;4.3936;3.3
2020-01-18;4.5696;4.3736;3.284
2020-01-19;4.5696;4.3736;3.284
2020-01-20;4.5696;4.3736;3.284
2020-01-21;4.5784;4.3824;3.2968
2020-01-22;4.5824;4.3864;3.2864
2020-01-23;4.5472;4.3512;3.2704
2020-01-24;4.5432;4.3472;3.2576
2020-01-25;4.5176;4.3216;3.2456
2020-01-26;4.5176;4.3216;3.2456
2020-01-27;4.5176;4.3216;3.2456
2020-01-28;4.492;4.296;3.2168
2020-01-29;4.4904;4.2944;3.1992
2020-01-30;4.4912;4.2952;3.1896
2020-01-31;4.4528;4.2568;3.1744
2020-02-01;4.4608;4.2648;3.1616
2020-02-02;4.4608;4.2648;3.1616
2020-02-03;4.4608;4.2648;3.1616
2020-02-04;4.4264;4.2304;3.144
2020-02-05;4.4128;4.2168;3.1256
2020-02-06;4.4192;4.2232;3.1272
2020-02-07;4.4072;4.2112;3.132
2020-02-08;4.4296;4.2336;3.1384
2020-02-09;4.4296;4.2336;3.1384
2020-02-10;4.4296;4.2336;3.1384
2020-02-11;4.4192;4.2232;3.1256
2020-02-12;4.416;4.22;3.1232
2020-02-13;4.424;4.228;3.1456
2020-02-14;4.4376;4.2416;3.1608
2020-02-15;4.4536;4.2576;3.1664
2020-02-16;4.4536;4.2576;3.1664
2020-02-17;4.4536;4.2576;3.1664
2020-02-18;4.4536;4.2576;3.1632
2020-02-19;4.4528;4.2568;3.1608
2020-02-20;4.4664;4.2704;3.1952
2020-02-21;4.4952;4.2992;3.2152
2020-02-22;4.4824;4.2864;3.2032
2020-02-23;4.4824;4.2864;3.2032
2020-02-24;4.4824;4.2864;3.2032
2020-02-25;4.4664;4.2704;3.1848
2020-02-26;4.436;4.24;3.172
2020-02-27;4.3888;4.1928;3.1456
2020-02-28;4.3344;4.1384;3.104
2020-02-29;4.3176;4.1216;3.0648
2020-03-01;4.3176;4.1216;3.0648
2020-03-02;4.3176;4.1216;3.0648
2020-03-03;4.3368;4.1408;3.0432
2020-03-04;4.3272;4.1312;3.0256
2020-03-05;4.3264;4.1304;3.0224
2020-03-06;4.3192;4.1232;3.0168
2020-03-07;4.2928;4.0968;2.9952
2020-03-08;4.2928;4.0968;2.9952
2020-03-09;4.2928;4.0968;2.9952
2020-03-10;4.2376;4.0416;2.9376
2020-03-11;4.1848;3.9888;2.884
2020-03-12;4.136;3.94;2.836
2020-03-13;4.048;3.852;2.7752
2020-03-14;4.0408;3.8448;2.7416
2020-03-15;4.0408;3.8448;2.7416
2020-03-16;4.0408;3.8448;2.7416
2020-03-17;4.0072;3.8112;2.7224
2020-03-18;3.9664;3.7704;2.7016
2020-03-19;3.9232;3.7272;2.6624
2020-03-20;3.936;3.74;2.6712
2020-03-21;3.952;3.756;2.6984
2020-03-22;3.952;3.756;2.6984
2020-03-23;3.952;3.756;2.6984
2020-03-24;3.9504;3.7544;2.6776
2020-03-25;3.9744;3.7784;2.6992
2020-03-26;3.9784;3.7824;2.7016
2020-03-27;3.9848;3.7888;2.7064
2020-03-28;3.9704;3.7744;2.696
2020-03-29;3.9704;3.7744;2.696
2020-03-30;3.9704;3.7744;2.696
2020-03-31;3.9496;3.7536;2.6808
2020-04-01;3.9408;3.7448;2.6704
2020-04-02;3.9176;3.7216;2.6488
2020-04-03;3.9088;3.7128;2.6312
2020-04-04;3.9264;3.7304;2.6976
2020-04-05;3.9264;3.7304;2.6976
2020-04-06;3.9264;3.7304;2.6976
2020-04-07;3.9456;3.7496;2.688
2020-04-08;3.9632;3.7672;2.68
2020-04-09;3.9456;3.7496;2.6688
2020-04-10;3.9368;3.7408;2.6584
2020-04-11;3.9368;3.7408;2.6584
2020-04-12;3.9368;3.7408;2.6584
2020-04-13;3.9368;3.7408;2.6584
2020-04-14;3.9368;3.7408;2.6584
2020-04-15;3.9048;3.7088;2.6336
2020-04-16;3.8648;3.6688;2.6008
2020-04-17;3.86;3.664;2.5832
2020-04-18;3.8688;3.6728;2.5936
2020-04-19;3.8688;3.6728;2.5936
2020-04-20;3.8688;3.6728;2.5936
2020-04-21;3.852;3.656;2.5704
2020-04-22;3.8136;3.6176;2.5352
2020-04-23;3.7552;3.5592;2.512
2020-04-24;3.7592;3.5632;2.4936
2020-04-25;3.7328;3.5368;2.4592
2020-04-26;3.7328;3.5368;2.4592
2020-04-27;3.7328;3.5368;2.4592
2020-04-28;3.72;3.524;2.4312
2020-04-29;3.6968;3.5008;2.424
2020-04-30;3.7136;3.5176;2.4504
2020-05-01;3.7456;3.5496;2.5216
2020-05-02;3.7456;3.5496;2.5216
2020-05-03;3.7456;3.5496;2.5216
2020-05-04;3.7456;3.5496;2.5216
2020-05-05;3.7448;3.5488;2.4816
2020-05-06;3.7888;3.5928;2.54
2020-05-07;3.8;3.604;2.532
2020-05-08;3.8272;3.6312;2.5488
2020-05-09;3.8272;3.6312;2.5488
2020-05-10;3.8272;3.6312;2.5488
2020-05-11;3.8272;3.6312;2.5488
2020-05-12;3.8408;3.6448;2.5656
2020-05-13;3.8448;3.6488;2.5712
2020-05-14;3.84;3.644;2.58
2020-05-15;3.8496;3.6536;2.6136
2020-05-16;3.88;3.684;2.672
2020-05-17;3.88;3.684;2.672
2020-05-18;3.88;3.684;2.672
2020-05-19;3.9528;3.7568;2.7912
2020-05-20;3.9928;3.7968;2.7816
2020-05-21;4.0096;3.8136;2.7968
2020-05-22;4.0096;3.8136;2.8008
2020-05-23;4.0096;3.8136;2.8088
2020-05-24;4.0096;3.8136;2.8088
2020-05-25;4.0096;3.8136;2.8088
2020-05-26;4.0096;3.8136;2.8088
2020-05-27;4.0056;3.8096;2.8096
2020-05-28;3.9936;3.7976;2.8096
2020-05-29;3.9856;3.7896;2.7992
2020-05-30;3.9776;3.7816;2.7864
2020-05-31;3.9776;3.7816;2.7864
2020-06-01;3.9776;3.7816;2.7864
2020-06-02;3.9864;3.7904;2.7808
2020-06-03;4.0048;3.8088;2.8264
2020-06-04;4.02;3.824;2.8168
2020-06-05;4.0192;3.8232;2.8168
2020-06-06;4.0432;3.8472;2.8744
2020-06-07;4.0432;3.8472;2.8744
2020-06-08;4.0432;3.8472;2.8744
2020-06-09;4.0648;3.8688;2.8728
2020-06-10;4.0728;3.8768;2.8824
2020-06-11;4.088;3.892;2.8896
2020-06-12;4.088;3.892;2.8896
2020-06-13;4.068;3.872;2.868
2020-06-14;4.068;3.872;2.868
2020-06-15;4.068;3.872;2.868
2020-06-16;4.0704;3.8744;2.8672
2020-06-17;4.076;3.88;2.8864
2020-06-18;4.088;3.892;2.9112
2020-06-19;4.1008;3.9048;2.9256
2020-06-20;4.1136;3.9176;2.9608
2020-06-21;4.1136;3.9176;2.9608
2020-06-22;4.1136;3.9176;2.9608
2020-06-23;4.1496;3.9536;2.9632
2020-06-24;4.1528;3.9568;2.9624
2020-06-25;4.132;3.936;2.9472
2020-06-26;4.1056;3.9096;2.9408
2020-06-27;4.0904;3.8944;2.9208
2020-06-28;4.0904;3.8944;2.9208
2020-06-29;4.0904;3.8944;2.9208
2020-06-30;4.084;3.888;2.9112
2020-07-01;4.0952;3.8992;2.92
2020-07-02;4.112;3.916;2.9288
2020-07-03;4.124;3.928;2.944
2020-07-04;4.1136;3.9176;2.9608
2020-07-05;4.1136;3.9176;2.9608
2020-07-06;4.1136;3.9176;2.9608
2020-07-07;4.1272;3.9312;2.9736
2020-07-08;4.1368;3.9408;2.9816
2020-07-09;4.1408;3.9448;2.9808
2020-07-10;4.128;3.932;2.9736
2020-07-11;4.1216;3.9256;2.968
2020-07-12;4.1216;3.9256;2.968
2020-07-13;4.1216;3.9256;2.968
2020-07-14;4.1224;3.9264;2.9664
2020-07-15;4.1216;3.9256;2.9616
2020-07-16;4.1176;3.9216;2.956
2020-07-17;4.1168;3.9208;2.952
2020-07-18;4.1152;3.9192;2.948
2020-07-19;4.1152;3.9192;2.948
2020-07-20;4.1152;3.9192;2.948
2020-07-21;4.1176;3.9216;2.9456
2020-07-22;4.1264;3.9304;2.956
2020-07-23;4.132;3.936;2.9592
2020-07-24;4.128;3.932;2.956
2020-07-25;4.1216;3.9256;2.9384
2020-07-26;4.1216;3.9256;2.9384
2020-07-27;4.1216;3.9256;2.9384
2020-07-28;4.1048;3.9088;2.9208
2020-07-29;4.1016;3.9056;2.9096
2020-07-30;4.0992;3.9032;2.9072
2020-07-31;4.0936;3.8976;2.9048
2020-08-01;4.0856;3.8896;2.8952
2020-08-02;4.0856;3.8896;2.8952
2020-08-03;4.0856;3.8896;2.8952
2020-08-04;4.0888;3.8928;2.9024
2020-08-05;4.0888;3.8928;2.9024
2020-08-06;4.108;3.912;2.936
2020-08-07;4.1072;3.9112;2.9192
2020-08-08;4.0944;3.8984;2.9096
2020-08-09;4.0944;3.8984;2.9096
2020-08-10;4.0944;3.8984;2.9096
2020-08-11;4.0776;3.8816;2.9048
2020-08-12;4.0784;3.8824;2.9096
2020-08-13;4.088;3.892;2.9184
2020-08-14;4.092;3.896;2.9096
2020-08-15;4.0896;3.8936;2.9072
2020-08-16;4.0896;3.8936;2.9072
2020-08-17;4.0896;3.8936;2.9072
2020-08-18;4.0832;3.8872;2.9048
2020-08-19;4.0832;3.8872;2.9024
2020-08-20;4.0784;3.8824;2.8968
2020-08-21;4.0744;3.8784;2.8944
2020-08-22;4.0592;3.8632;2.8872
2020-08-23;4.0592;3.8632;2.8872
2020-08-24;4.0592;3.8632;2.8872
2020-08-25;4.06;3.864;2.8984
2020-08-26;4.0704;3.8744;2.9024
2020-08-27;4.0808;3.8848;2.896
2020-08-28;4.0728;3.8768;2.8888
2020-08-29;4.0592;3.8632;2.8832
2020-08-30;4.0592;3.8632;2.8832
2020-08-31;4.0592;3.8632;2.8832
2020-09-01;4.0592;3.8632;2.8832
2020-09-02;4.0528;3.8568;2.8744
2020-09-03;4.0472;3.8512;2.8624
2020-09-04;4.028;3.832;2.8448
2020-09-05;4.0128;3.8168;2.8344
2020-09-06;4.0128;3.8168;2.8344
2020-09-07;4.0128;3.8168;2.8344
2020-09-08;3.9968;3.8008;2.8216
2020-09-09;3.98;3.784;2.8016
2020-09-10;3.9688;3.7728;2.788
2020-09-11;3.9568;3.7608;2.7816
2020-09-12;3.9608;3.7648;2.7728
2020-09-13;3.9608;3.7648;2.7728
2020-09-14;3.9608;3.7648;2.7728
2020-09-15;3.9544;3.7584;2.7672
2020-09-16;3.9512;3.7552;2.7648
2020-09-17;3.9528;3.7568;2.7752
2020-09-18;3.9728;3.7768;2.8192
2020-09-19;3.992;3.796;2.8168
2020-09-20;3.992;3.796;2.8168
2020-09-21;3.992;3.796;2.8168
2020-09-22;3.9936;3.7976;2.8064
2020-09-23;3.9824;3.7864;2.8048
2020-09-24;3.9832;3.7872;2.8088
2020-09-25;3.9832;3.7872;2.8136
2020-09-26;3.9896;3.7936;2.8328
2020-09-27;3.9896;3.7936;2.8328
2020-09-28;3.9896;3.7936;2.8328
2020-09-29;4.0096;3.8136;2.8512
2020-09-30;4.028;3.832;2.8464
2020-10-01;4.024;3.828;2.8424
2020-10-02;4.008;3.812;2.8336
2020-10-03;3.9912;3.7952;2.8256
2020-10-04;3.9912;3.7952;2.8256
2020-10-05;3.9912;3.7952;2.8256
2020-10-06;3.9944;3.7984;2.828
2020-10-07;4.0032;3.8072;2.86
2020-10-08;4.008;3.812;2.8464
2020-10-09;4.0248;3.8288;2.8632
2020-10-10;4.032;3.836;2.8624
2020-10-11;4.032;3.836;2.8624
2020-10-12;4.032;3.836;2.8624
2020-10-13;4.0288;3.8328;2.8528
2020-10-14;4.0272;3.8312;2.8496
2020-10-15;4.0288;3.8328;2.8608
2020-10-16;4.0368;3.8408;2.8736
2020-10-17;4.0432;3.8472;2.8864
2020-10-18;4.0432;3.8472;2.8864
2020-10-19;4.0432;3.8472;2.8864
2020-10-20;4.0504;3.8544;2.8808
2020-10-21;4.0472;3.8512;2.876
2020-10-22;4.0216;3.8256;2.8664
2020-10-23;4.0256;3.8296;2.8632
2020-10-24;4.0312;3.8352;2.8552
2020-10-25;4.0312;3.8352;2.8552
2020-10-26;4.0312;3.8352;2.8552
2020-10-27;4.0208;3.8248;2.8424
2020-10-28;4.0224;3.8264;2.8424
2020-10-29;4.0104;3.8144;2.8352
2020-10-30;3.9896;3.7936;2.824
2020-10-31;3.9872;3.7912;2.8144
2020-11-01;3.9872;3.7912;2.8144
2020-11-02;3.9872;3.7912;2.8144
2020-11-03;3.9872;3.7912;2.8144
2020-11-04;3.9904;3.7944;2.824
2020-11-05;4.0072;3.8112;2.8544
2020-11-06;4.0112;3.8152;2.8424
2020-11-07;4.0056;3.8096;2.8328
2020-11-08;4.0056;3.8096;2.8328
2020-11-09;4.0056;3.8096;2.8328
2020-11-10;4.0168;3.8208;2.8568
2020-11-11;4.0344;3.8384;2.8864
2020-11-12;4.0344;3.8384;2.8864
2020-11-13;4.08;3.884;2.8936
2020-11-14;4.0688;3.8728;2.8832
2020-11-15;4.0688;3.8728;2.8832
2020-11-16;4.0688;3.8728;2.8832
2020-11-17;4.0688;3.8728;2.8808
2020-11-18;4.0704;3.8744;2.876
2020-11-19;4.0792;3.8832;2.8808
2020-11-20;4.088;3.892;2.8824
2020-11-21;4.0952;3.8992;2.8816
2020-11-22;4.0952;3.8992;2.8816
2020-11-23;4.0952;3.8992;2.8816
2020-11-24;4.108;3.912;2.9088
2020-11-25;4.1424;3.9464;2.9576
2020-11-26;4.1632;3.9672;2.9568
2020-11-27;4.1672;3.9712;2.956
2020-11-28;4.1744;3.9784;2.9632
2020-11-29;4.1744;3.9784;2.9632
2020-11-30;4.1744;3.9784;2.9632
2020-12-01;4.1664;3.9704;2.9544
2020-12-02;4.1672;3.9712;2.9504
2020-12-03;4.1648;3.9688;2.9464
2020-12-04;4.1688;3.9728;2.9472
2020-12-05;4.172;3.976;2.9456
2020-12-06;4.172;3.976;2.9456
2020-12-07;4.172;3.976;2.9456
2020-12-08;4.1864;3.9904;2.9632
2020-12-09;4.1976;4.0016;2.968
2020-12-10;4.1984;4.0024;2.96
2020-12-11;4.2232;4.0272;2.9856
2020-12-12;4.224;4.028;2.9792
2020-12-13;4.224;4.028;2.9792
2020-12-14;4.224;4.028;2.9792
2020-12-15;4.2192;4.0232;2.9752
2020-12-16;4.2352;4.0392;2.9904
2020-12-17;4.2352;4.0392;2.9848
2020-12-18;4.248;4.052;2.996
2020-12-19;4.268;4.072;3.016
2020-12-20;4.268;4.072;3.016
2020-12-21;4.268;4.072;3.016
2020-12-22;4.252;4.056;3.008
2020-12-23;4.2552;4.0592;3.0064
2020-12-24;4.2632;4.0672;3.0296
2020-12-25;4.2632;4.0672;3.0296
2020-12-26;4.2632;4.0672;3.0296
2020-12-27;4.2632;4.0672;3.0296
2020-12-28;4.2632;4.0672;3.0296
2020-12-29;4.2672;4.0712;3.0248
2020-12-30;4.2672;4.0712;3.0248
2020-12-31;4.2688;4.0728;3.028
2021-01-01;4.2976;4.0856;3.0456
2021-01-02;4.2976;4.0856;3.0456
2021-01-03;4.2976;4.0856;3.0456
2021-01-04;4.2976;4.0856;3.0456
2021-01-05;4.296;4.084;3.0328
2021-01-06;4.3064;4.0944;3.0512
2021-01-07;4.3064;4.0944;3.0512
2021-01-08;4.3232;4.1112;3.0504
2021-01-09;4.3344;4.1224;3.0768
2021-01-10;4.3344;4.1224;3.0768
2021-01-11;4.3344;4.1224;3.0768
2021-01-12;4.3488;4.1368;3.0976
2021-01-13;4.3728;4.1608;3.124
2021-01-14;4.3864;4.1744;3.1224
2021-01-15;4.3952;4.1832;3.1272
2021-01-16;4.3904;4.1784;3.1216
2021-01-17;4.3904;4.1784;3.1216
2021-01-18;4.3904;4.1784;3.1216
2021-01-19;4.392;4.18;3.1272
2021-01-20;4.3936;4.1816;3.1296
2021-01-21;4.3928;4.1808;3.1272
2021-01-22;4.3752;4.1632;3.1232
2021-01-23;4.3656;4.1536;3.1176
2021-01-24;4.3656;4.1536;3.1176
2021-01-25;4.3656;4.1536;3.1176
2021-01-26;4.3536;4.1416;3.1128
2021-01-27;4.3584;4.1464;3.112
2021-01-28;4.3648;4.1528;3.1248
2021-01-29;4.3672;4.1552;3.12
2021-01-30;4.3712;4.1592;3.116
2021-01-31;4.3712;4.1592;3.116
2021-02-01;4.3712;4.1592;3.116
2021-02-02;4.3744;4.1624;3.1152
2021-02-03;4.3848;4.1728;3.1528
2021-02-04;4.3984;4.1864;3.1704
2021-02-05;4.4048;4.1928;3.1704
2021-02-06;4.4304;4.2184;3.2
2021-02-07;4.4304;4.2184;3.2
2021-02-08;4.4304;4.2184;3.2
2021-02-09;4.4448;4.2328;3.2032
2021-02-10;4.4648;4.2528;3.2
2021-02-11;4.4704;4.2584;3.2088
2021-02-12;4.4824;4.2704;3.2152
2021-02-13;4.484;4.272;3.2192
2021-02-14;4.484;4.272;3.2192
2021-02-15;4.484;4.272;3.2192
2021-02-16;4.504;4.292;3.2488
2021-02-17;4.5088;4.2968;3.2448
2021-02-18;4.5256;4.3136;3.2664
2021-02-19;4.5392;4.3272;3.28
2021-02-20;4.5432;4.3312;3.2712
2021-02-21;4.5432;4.3312;3.2712
2021-02-22;4.5432;4.3312;3.2712
2021-02-23;4.5528;4.3408;3.2768
2021-02-24;4.5568;4.3448;3.2912
2021-02-25;4.5744;4.3624;3.3136
2021-02-26;4.5856;4.3736;3.3112
2021-02-27;4.5872;4.3752;3.3064
2021-02-28;4.5872;4.3752;3.3064
2021-03-01;4.5872;4.3752;3.3064
2021-03-02;4.5832;4.3712;3.304
2021-03-03;4.5728;4.3608;3.3
2021-03-04;4.5656;4.3536;3.2936
2021-03-05;4.5792;4.3672;3.3368
2021-03-06;4.6184;4.4064;3.3936
2021-03-07;4.6184;4.4064;3.3936
2021-03-08;4.6184;4.4064;3.3936
2021-03-09;4.664;4.452;3.4032
2021-03-10;4.6768;4.4648;3.3912
2021-03-11;4.6632;4.4512;3.3776
2021-03-12;4.6656;4.4536;3.3728
2021-03-13;4.6712;4.4592;3.3848
2021-03-14;4.6712;4.4592;3.3848
2021-03-15;4.6712;4.4592;3.3848
2021-03-16;4.6752;4.4632;3.3944
2021-03-17;4.6712;4.4592;3.3896
2021-03-18;4.6536;4.4416;3.3736
2021-03-19;4.6312;4.4192;3.3544
2021-03-20;4.612;4.4;3.336
2021-03-21;4.612;4.4;3.336
2021-03-22;4.612;4.4;3.336
2021-03-23;4.5968;4.3848;3.3224
2021-03-24;4.5864;4.3744;3.3112
2021-03-25;4.5928;4.3808;3.3136
2021-03-26;4.5808;4.3688;3.3048
2021-03-27;4.6072;4.3952;3.3152
2021-03-28;4.6072;4.3952;3.3152
2021-03-29;4.6072;4.3952;3.3152
2021-03-30;4.6112;4.3992;3.3208
2021-03-31;4.6392;4.4272;3.3456
2021-04-01;4.6352;4.4232;3.3424
2021-04-02;4.628;4.416;3.3328
2021-04-03;4.628;4.416;3.3328
2021-04-04;4.628;4.416;3.3328
2021-04-05;4.628;4.416;3.3328
2021-04-06;4.628;4.416;3.3328
2021-04-07;4.6216;4.4096;3.3208
2021-04-08;4.6032;4.3912;3.2968
2021-04-09;4.596;4.384;3.2848
2021-04-10;4.5864;4.3744;3.2768
2021-04-11;4.5864;4.3744;3.2768
2021-04-12;4.5864;4.3744;3.2768
2021-04-13;4.5888;4.3768;3.2824
2021-04-14;4.5808;4.3688;3.2864
2021-04-15;4.5968;4.3848;3.304
2021-04-16;4.6096;4.3976;3.3176
2021-04-17;4.6216;4.4096;3.3312
2021-04-18;4.6216;4.4096;3.3312
2021-04-19;4.6216;4.4096;3.3312
2021-04-20;4.6128;4.4008;3.3272
2021-04-21;4.592;4.38;3.3152
2021-04-22;4.5992;4.3872;3.3064
2021-04-23;4.5944;4.3824;3.3048
2021-04-24;4.5944;4.3824;3.3072
2021-04-25;4.5944;4.3824;3.3072
2021-04-26;4.5944;4.3824;3.3072
2021-04-27;4.5888;4.3768;3.304
2021-04-28;4.596;4.384;3.3048
2021-04-29;4.6072;4.3952;3.3328
2021-04-30;4.62;4.408;3.3544
2021-05-01;4.6256;4.4136;3.3376
2021-05-02;4.6256;4.4136;3.3376
2021-05-03;4.6256;4.4136;3.3376
2021-05-04;4.6256;4.4136;3.3376
2021-05-05;4.6464;4.4344;3.3552
2021-05-06;4.6672;4.4552;3.3744
2021-05-07;4.6768;4.4648;3.3888
2021-05-08;4.684;4.472;3.384
2021-05-09;4.684;4.472;3.384
2021-05-10;4.684;4.472;3.384
2021-05-11;4.6832;4.4712;3.3776
2021-05-12;4.6888;4.4768;3.3848
2021-05-13;4.6984;4.4864;3.4032
2021-05-14;4.688;4.476;3.3832
2021-05-15;4.692;4.48;3.3792
2021-05-16;4.692;4.48;3.3792
2021-05-17;4.692;4.48;3.3792
2021-05-18;4.6976;4.4856;3.3824
2021-05-19;4.6992;4.4872;3.38
2021-05-20;4.6448;4.4328;3.3632
2021-05-21;4.6488;4.4368;3.356
2021-05-22;4.6376;4.4256;3.3456
2021-05-23;4.6376;4.4256;3.3456
2021-05-24;4.6376;4.4256;3.3456
2021-05-25;4.6512;4.4392;3.3424
2021-05-26;4.6512;4.4392;3.3392
2021-05-27;4.6608;4.4488;3.3472
2021-05-28;4.6656;4.4536;3.36
2021-05-29;4.6752;4.4632;3.3624
2021-05-30;4.6752;4.4632;3.3624
2021-05-31;4.6752;4.4632;3.3624
2021-06-01;4.6752;4.4632;3.3624
2021-06-02;4.688;4.476;3.3728
2021-06-03;4.7024;4.4904;3.3896
2021-06-04;4.7024;4.4904;3.3896
2021-06-05;4.7024;4.4904;3.3896
2021-06-06;4.7024;4.4904;3.3896
2021-06-07;4.7024;4.4904;3.3896
2021-06-08;4.7288;4.5168;3.404
2021-06-09;4.7304;4.5184;3.4024
2021-06-10;4.728;4.516;3.4024
2021-06-11;4.736;4.524;3.4232
2021-06-12;4.7432;4.5312;3.4224
2021-06-13;4.7432;4.5312;3.4224
2021-06-14;4.7432;4.5312;3.4224
2021-06-15;4.7536;4.5416;3.4544
2021-06-16;4.7608;4.5488;3.468
2021-06-17;4.7768;4.5648;3.488
2021-06-18;4.7872;4.5752;3.4848
2021-06-19;4.7928;4.5808;3.4984
2021-06-20;4.7928;4.5808;3.4984
2021-06-21;4.7928;4.5808;3.4984
2021-06-22;4.7976;4.5856;3.5104
2021-06-23;4.8112;4.5992;3.5184
2021-06-24;4.8192;4.6072;3.5216
2021-06-25;4.8232;4.6112;3.52
2021-06-26;4.8224;4.6104;3.5176
2021-06-27;4.8224;4.6104;3.5176
2021-06-28;4.8224;4.6104;3.5176
2021-06-29;4.8168;4.6048;3.5136
2021-06-30;4.816;4.604;3.5104
2021-07-01;4.8144;4.6024;3.5064
2021-07-02;4.8304;4.6184;3.5304
2021-07-03;4.8504;4.6384;3.5504
2021-07-04;4.8504;4.6384;3.5504
2021-07-05;4.8504;4.6384;3.5504
2021-07-06;4.8672;4.6552;3.5488
2021-07-07;4.856;4.644;3.5352
2021-07-08;4.8296;4.6176;3.524
2021-07-09;4.8144;4.6024;3.52
2021-07-10;4.828;4.616;3.5576
2021-07-11;4.828;4.616;3.5576
2021-07-12;4.828;4.616;3.5576
2021-07-13;4.8432;4.6312;3.5504
2021-07-14;4.8576;4.6456;3.5672
2021-07-15;4.8656;4.6536;3.588
2021-07-16;4.8656;4.6536;3.5656
2021-07-17;4.86;4.648;3.5592
2021-07-18;4.86;4.648;3.5592
2021-07-19;4.86;4.648;3.5592
2021-07-20;4.8176;4.6056;3.5376
2021-07-21;4.7912;4.5792;3.5152
2021-07-22;4.7824;4.5704;3.512
2021-07-23;4.8064;4.5944;3.5224
2021-07-24;4.8352;4.6232;3.5424
2021-07-25;4.8352;4.6232;3.5424
2021-07-26;4.8352;4.6232;3.5424
2021-07-27;4.8496;4.6376;3.5456
2021-07-28;4.8608;4.6488;3.5528
2021-07-29;4.864;4.652;3.5496
2021-07-30;4.864;4.652;3.5568
2021-07-31;4.8712;4.6592;3.5568
2021-08-01;4.8712;4.6592;3.5568
2021-08-02;4.8712;4.6592;3.5568
2021-08-03;4.8592;4.6472;3.5456
2021-08-04;4.8384;4.6264;3.5344
2021-08-05;4.812;4.6;3.5208
2021-08-06;4.7992;4.5872;3.508
2021-08-07;4.7992;4.5872;3.4936
2021-08-08;4.7992;4.5872;3.4936
2021-08-09;4.7992;4.5872;3.4936
2021-08-10;4.772;4.56;3.4816
2021-08-11;4.7984;4.5864;3.5016
2021-08-12;4.8048;4.5928;3.5024
2021-08-13;4.8128;4.6008;3.516
2021-08-14;4.8304;4.6184;3.512
2021-08-15;4.8304;4.6184;3.512
2021-08-16;4.8304;4.6184;3.512
2021-08-17;4.8224;4.6104;3.4992
2021-08-18;4.816;4.604;3.4944
2021-08-19;4.8128;4.6008;3.4888
2021-08-20;4.7832;4.5712;3.4696
2021-08-21;4.7616;4.5496;3.4544
2021-08-22;4.7616;4.5496;3.4544
2021-08-23;4.7616;4.5496;3.4544
2021-08-24;4.788;4.576;3.4808
2021-08-25;4.8008;4.5888;3.5248
2021-08-26;4.8136;4.6016;3.5256
2021-08-27;4.8344;4.6224;3.5264
2021-08-28;4.8592;4.6472;3.5544
2021-08-29;4.8592;4.6472;3.5544
2021-08-30;4.8592;4.6472;3.5544
2021-08-31;4.8592;4.6472;3.5544
2021-09-01;4.8656;4.6536;3.5432
2021-09-02;4.8448;4.6328;3.5312
2021-09-03;4.868;4.656;3.5544
2021-09-04;4.8704;4.6584;3.548
2021-09-05;4.8704;4.6584;3.548
2021-09-06;4.8704;4.6584;3.548
2021-09-07;4.868;4.656;3.5408
2021-09-08;4.86;4.648;3.5344
2021-09-09;4.8584;4.6464;3.5336
2021-09-10;4.8616;4.6496;3.5344
2021-09-11;4.8664;4.6544;3.5496
2021-09-12;4.8664;4.6544;3.5496
2021-09-13;4.8664;4.6544;3.5496
2021-09-14;4.8736;4.6616;3.5688
2021-09-15;4.8864;4.6744;3.5712
2021-09-16;4.9056;4.6936;3.6152
2021-09-17;4.928;4.716;3.624
2021-09-18;4.9504;4.7384;3.632
2021-09-19;4.9504;4.7384;3.632
2021-09-20;4.9504;4.7384;3.632
2021-09-21;4.9704;4.7584;3.6408
2021-09-22;4.9856;4.7736;3.632
2021-09-23;5.008;4.796;3.6736
2021-09-24;5.0328;4.8208;3.6928
2021-09-25;5.0624;4.8504;3.7128
2021-09-26;5.0624;4.8504;3.7128
2021-09-27;5.0624;4.8504;3.7128
2021-09-28;5.1016;4.8896;3.7512
2021-09-29;5.128;4.916;3.7528
2021-09-30;5.1648;4.9528;3.768
2021-10-01;5.1856;4.9736;3.8072
2021-10-02;5.1696;4.9576;3.796
2021-10-03;5.1696;4.9576;3.796
2021-10-04;5.1696;4.9576;3.796
2021-10-05;5.196;4.984;3.8352
2021-10-06;5.2384;5.0264;3.9104
2021-10-07;5.2784;5.0664;3.8968
2021-10-08;5.2768;5.0648;3.8816
2021-10-09;5.3016;5.0896;3.908
2021-10-10;5.3016;5.0896;3.908
2021-10-11;5.3016;5.0896;3.908
2021-10-12;5.3512;5.1392;3.9384
2021-10-13;5.3544;5.1424;3.9232
2021-10-14;5.3384;5.1264;3.92
2021-10-15;5.3416;5.1296;3.9176
2021-10-16;5.36;5.148;3.96
2021-10-17;5.36;5.148;3.96
2021-10-18;5.36;5.148;3.96
2021-10-19;5.3712;5.1592;3.9496
2021-10-20;5.3624;5.1504;3.9384
2021-10-21;5.3768;5.1648;3.9392
2021-10-22;5.3632;5.1512;3.9304
2021-10-23;5.3856;5.1736;3.9312
2021-10-24;5.3856;5.1736;3.9312
2021-10-25;5.3856;5.1736;3.9312
2021-10-26;5.4144;5.2024;3.9568
2021-10-27;5.42;5.208;3.9656
2021-10-28;5.4088;5.1968;3.9504
2021-10-29;5.3992;5.1872;3.9376
2021-10-30;5.3928;5.1808;3.9288
2021-10-31;5.3928;5.1808;3.9288
2021-11-01;5.3928;5.1808;3.9288
2021-11-02;5.3928;5.1808;3.9288
2021-11-03;5.3976;5.1856;3.908
2021-11-04;5.3752;5.1632;3.892
2021-11-05;5.3688;5.1568;3.8864
2021-11-06;5.38;5.168;3.9072
2021-11-07;5.38;5.168;3.9072
2021-11-08;5.38;5.168;3.9072
2021-11-09;5.3768;5.1648;3.912
2021-11-10;5.384;5.172;3.9216
2021-11-11;5.3976;5.1856;3.92
2021-11-12;5.3976;5.1856;3.92
2021-11-13;5.3824;5.1704;3.9048
2021-11-14;5.3824;5.1704;3.9048
2021-11-15;5.3824;5.1704;3.9048
2021-11-16;5.3328;5.1208;3.8968
2021-11-17;5.3464;5.1344;3.932
2021-11-18;5.328;5.116;3.9216
2021-11-19;5.3248;5.1128;3.912
2021-11-20;5.28;5.068;3.892
2021-11-21;5.28;5.068;3.892
2021-11-22;5.28;5.068;3.892
2021-11-23;5.32;5.108;3.9008
2021-11-24;5.3376;5.1256;3.9376
2021-11-25;5.3536;5.1416;3.9512
2021-11-26;5.3648;5.1528;3.9392
2021-11-27;5.2632;5.0512;3.8592
2021-11-28;5.2632;5.0512;3.8592
2021-11-29;5.2632;5.0512;3.8592
2021-11-30;5.2408;5.0288;3.792
